atm_osmid,atm_x_lon,atm_y_lat,operator,atm_in_mkad,nn_osmid,nn_x_lon,nn_y_lat,nn_in_mkad,atm_nn_distance
3405256534,37.6050859,55.7590328,"'"��������-������������� ����'" (��)",t,2616240395,37.6051304,55.7590554,t,3
5072905558,37.5449257,55.7735989,��� ��������,t,268943529,37.5449282,55.7736369,t,4
7263998989,37.6595106,55.6311112,�� ������,t,7235626667,37.6595824,55.6310958,t,4
12188595915,37.6589212,55.630791,��� ��������,t,7235626676,37.6588606,55.6308112,t,4
9221097231,37.717636,55.612467,"���� '"����'" (��)",t,835550143,37.7176154,55.6125027,t,4
1883783145,37.7068128,55.7949507,"�� '"��������������'"",t,1885509144,37.7069081,55.7949495,t,5
9221097054,37.6098257,55.7233214,"���� '"����'" (��)",t,11165933009,37.6099053,55.7233145,t,5
9221096938,37.5833204,55.6709791,"���� '"����'" (��)",t,639299412,37.5833479,55.6710288,t,5
6398039983,37.6255748,55.730889,"��� '"�������������'"",t,6397254096,37.6256488,55.7309133,t,5
4686934585,37.7848125,55.7508117,���� ��� (���),t,251542444,37.7848274,55.7508606,t,5
1286587293,37.7035806,55.7822188,"��� '"�������������'"",t,11777822642,37.7035297,55.7822547,t,5
8916027506,37.6636161,55.647478,��� ��������,t,5252047056,37.6635865,55.6475259,t,5
11171038095,37.5966912,55.5833799,���� ��� (���),t,1939471681,37.5965921,55.5833617,t,6
4897208706,37.6117917,55.7210834,"��� ���� '"�� ��������'"",t,7376757309,37.6118833,55.7211091,t,6
3298948765,37.6197414,55.7638102,"�� '"��-����'"",t,4834914703,37.6197719,55.7638635,t,6
2788217118,37.6093954,55.7412295,"�� '"����-����'"",t,2601139344,37.6095052,55.741259,t,7
9959933817,37.6594623,55.6311037,"�� '"��������������'"",t,7235626672,37.6593666,55.6310628,t,7
2378295784,37.5423031,55.6419756,"��� '"���������� ��������� ����'"",t,10582777577,37.542265,55.6419094,t,7
9221097480,37.4583336,55.704429,"���� '"����'" (��)",t,302418681,37.4582123,55.7044147,t,7
924267480,37.4983619,55.7363432,����������,t,924267359,37.4983248,55.736275,t,7
9221097485,37.7773034,55.7195221,"���� '"����'" (��)",t,5256094114,37.7773008,55.7195877,t,7
1817510197,37.5824496,55.8038814,"�� '"��������������'"",t,12181086216,37.5824705,55.8038177,t,7
5068427922,37.6300719,55.7399957,��� ��������,t,4983945162,37.6300039,55.7400524,t,7
4703535202,37.6612694,55.8869035,"�� '"���� ������� ��������'"",t,11365133490,37.6613232,55.886848,t,7
9221097490,37.5585075,55.8238308,"���� '"����'" (��)",t,614681318,37.5584304,55.8237746,t,7
1818266062,37.7035823,55.782189,��� ��������,t,11777822642,37.7035297,55.7822547,t,8
4716997993,37.6624663,55.8864441,"��� '"��� ����'"",t,1739797590,37.6623543,55.8864851,t,8
938070071,37.6243878,55.7622205,���� ��� (���),t,6376808551,37.6242467,55.7622121,t,8
5351716219,37.6345236,55.7310856,"��� '"������� ����'" (���)",t,1751466154,37.6343959,55.7310827,t,8
4852619947,37.6371038,55.7321201,���� ��� (���),t,1594085616,37.6370891,55.7321951,t,8
9221097221,37.5439621,55.9019832,"���� '"����'" (��)",t,699681335,37.5439779,55.902056,t,8
8006896657,37.6425129,55.7748714,��� ���� ���,t,1865890013,37.6424626,55.774947,t,8
6777082536,37.576154,55.723803,"��� '"�������������'"",t,1334069906,37.5760221,55.7238108,t,8
4897208707,37.6117861,55.7210595,����������,t,7376757309,37.6118833,55.7211091,t,8
6501181790,37.6000214,55.7603759,��� �������,t,3182705165,37.5999409,55.7602991,t,9
9097160500,37.6484936,55.7203808,"�� '"��������������'"",t,4251248904,37.6485195,55.7204606,t,9
9221097083,37.695753,55.719191,"���� '"����'" (��)",t,1340923514,37.6958933,55.7191711,t,9
6777023360,37.5213791,55.7773797,"��� '"�������������'"",t,1495262461,37.521484,55.7773178,t,9
2596320761,37.8107552,55.790079,��� ��������,t,4964435535,37.8107768,55.7899915,t,9
6769102883,37.5213871,55.7773799,"��� '"�������������'"",t,1495262461,37.521484,55.7773178,t,9
1286587049,37.6343274,55.7570222,"��� '"�������������'"",t,3154911834,37.6344192,55.7569504,t,9
3613464464,37.6155829,55.7938137,���� ��� (���),t,10700748533,37.6156552,55.7938894,t,9
4874716017,37.6646576,55.7585617,"�� ���� '"��������-�������'"",t,4690389321,37.6647971,55.7585374,t,9
9221096979,37.7718723,55.7618511,"���� '"����'" (��)",t,9490240492,37.7719768,55.7619262,t,10
7670717742,37.5944692,55.7558629,"'"��������-������������� ����'" (��)",t,3412764371,37.5943838,55.7557818,t,10
9221097499,37.6237728,55.8583632,"���� '"����'" (��)",t,2531942884,37.623667,55.8582934,t,10
3076430202,37.6811987,55.7737911,"�� '"��������������'"",t,613389517,37.6810517,55.77383,t,10
4739936440,37.3970172,55.7230526,��� ��������,t,1846254231,37.3970487,55.7231449,t,10
4504211974,37.6283658,55.7640011,��� ��������,t,4504212668,37.6283819,55.7640992,t,10
9718286418,37.638871,55.753463,"��� '"���������� ��������� ����'"",t,969301527,37.639032,55.7534936,t,10
1272830760,37.5346031,55.8000672,��� �������,t,5316503436,37.534612,55.7999739,t,10
7669855530,37.669687,55.769242,"'"��������-������������� ����'" (��)",t,3148067838,37.6698567,55.7692591,t,10
6501181789,37.600002,55.7603826,����������� ���� (��),t,3182705165,37.5999409,55.7602991,t,10
6501181788,37.5999825,55.7603894,"�� '"��������������'"",t,3182705165,37.5999409,55.7602991,t,10
5667330835,37.6287041,55.7200584,�� ��������� ����,t,1433312846,37.6288164,55.7199834,t,10
1329350034,37.5507639,55.672147,��� ��������,t,9652130820,37.5509039,55.6721931,t,10
4083152789,37.6222958,55.6839581,����������,t,669553200,37.6224597,55.6839598,t,10
10841373799,37.7137115,55.7716503,�� ������,t,2725336916,37.7136971,55.7717398,t,10
4711754089,37.6484519,55.7465735,��� ��������,t,1470892801,37.6483652,55.7464884,t,10
6124719986,37.600069,55.7907628,��� ��������,t,11421851662,37.5999532,55.790826,t,10
701246437,37.4542992,55.8482274,��� ��������,t,483344879,37.4541536,55.8481764,t,10
4580648693,37.611779,55.7210306,��� ��������,t,7376757309,37.6118833,55.7211091,t,10
6777080772,37.6029532,55.7755583,"��� '"�������������'"",t,2926551938,37.6028303,55.7754998,t,10
9221096958,37.7231597,55.6024167,"���� '"����'" (��)",t,666773530,37.7233266,55.6024509,t,11
961866438,37.5990476,55.6111861,��� ��������,t,797223569,37.5991117,55.6112837,t,11
2590816084,37.6101294,55.7587608,��� ��������,t,2590816082,37.6101209,55.7586584,t,11
5764435044,37.7183296,55.6059965,��� �������,t,552402054,37.7185011,55.6060415,t,11
1332146851,37.6246871,55.7684031,"�� '"��������������'"",t,7133521982,37.6246788,55.768303,t,11
5771727438,37.6021625,55.7680162,"�� '"��������������'"",t,1157353439,37.6020635,55.7680979,t,11
9221096932,37.474156,55.687877,"���� '"����'" (��)",t,676018697,37.4740178,55.6878128,t,11
8237624718,37.6560017,55.7534902,����������� ���� (��),t,5955465293,37.6559322,55.7535838,t,11
9221097201,37.6109533,55.6167053,"���� '"����'" (��)",t,1618143941,37.6111001,55.6167588,t,11
4199061890,37.5604571,55.7937225,����������,t,7220496679,37.5604247,55.7938276,t,11
9221096928,37.3713794,55.7675331,"���� '"����'" (��)",t,3810105031,37.3712236,55.7674738,t,11
9221096927,37.7087969,55.8679007,"���� '"����'" (��)",t,10224079270,37.7086071,55.8678891,t,11
6777061172,37.6256981,55.7316729,"��� '"�������������'"",t,6398039982,37.6258256,55.731742,t,11
4421649691,37.6399122,55.8172997,��� ��������,t,11991537120,37.6399103,55.817405,t,11
4073297424,37.6030833,55.7089614,���� ��� (��),t,4071672991,37.6032712,55.7089559,t,11
9221097481,37.6468833,55.6274252,"���� '"����'" (��)",t,6150434177,37.6467606,55.6273542,t,11
5087499921,37.5968497,55.7625872,����������,t,4267172318,37.5969741,55.7626717,t,12
9446929633,37.5869268,55.7602035,"�� '"������ ������'" ���",t,5972230357,37.5870432,55.7601089,t,12
938070115,37.5967859,55.7654415,���� ��� (���),t,5299356344,37.5966016,55.7654768,t,12
2940982952,37.6245286,55.6999325,��� ��������,t,4365072981,37.6243957,55.699853,t,12
5545622121,37.5620548,55.7225537,���� ��� (���),t,1678186617,37.5619585,55.7226547,t,12
7341815471,37.6370062,55.7702881,"��� '"���������� ��������� ����'"",t,1425313773,37.637035,55.7701802,t,12
4078444714,37.6103051,55.7655301,��� ��������,t,2528507350,37.610451,55.7656027,t,12
5546399021,37.3969554,55.7230507,"�� '"��������������'"",t,1846254231,37.3970487,55.7231449,t,12
4991372320,37.6304604,55.738662,"��� '"�����-����'" (��)",t,4991373831,37.6305259,55.7385545,t,12
8486840003,37.723771,55.7738476,"�� ��� '"�����������'"",t,7702598054,37.7235832,55.7738915,t,12
4813938136,37.6629181,55.8694257,��� ��������,t,5020092881,37.6628006,55.8695194,t,12
3437734151,37.6287041,55.7200788,"�� '"��������������'"",t,1433312846,37.6288164,55.7199834,t,12
9221096982,37.6114726,55.6118421,"���� '"����'" (��)",t,1618163521,37.6113631,55.6119328,t,12
9221097491,37.7958737,55.7221684,"���� '"����'" (��)",t,1789166146,37.7956812,55.7221539,t,12
938253610,37.6359158,55.7875125,���� ��� (���),t,8152353728,37.6361033,55.7874761,t,12
4023618520,37.7266177,55.7786213,��� ��������,t,2187180647,37.7265475,55.7787254,t,12
4070321309,37.5841709,55.6553608,"��� '"�������������'"",t,3164341848,37.5839789,55.6553407,t,12
4324874281,37.7381057,55.776302,����������,t,4324874276,37.7381505,55.776187,t,13
8356963965,37.521185,55.8496603,��� ��������,t,5526066207,37.5212645,55.8495497,t,13
4983944978,37.6308963,55.7395715,"�� ��� '"������������'"",t,5007785313,37.6306862,55.7395811,t,13
2352525828,37.6006222,55.796378,�� ��������� ����,t,2388742263,37.6008335,55.7963913,t,13
9221097198,37.51372,55.6272511,"���� '"����'" (��)",t,2151854249,37.5137955,55.6271382,t,13
2625463244,37.5177511,55.799308,��� ���� ���,t,993627914,37.5178614,55.7992076,t,13
3908290071,37.5858645,55.7349894,"'"���-����'" (���)",t,2863378942,37.58602,55.7350737,t,13
11173518589,37.4704114,55.7376088,"�� '"�����-����'"",t,480564880,37.4705626,55.7376973,t,13
4703535203,37.6593689,55.8869289,��� ��������,t,3767303585,37.6593972,55.8870491,t,13
3526824258,37.6175906,55.7397151,"�� '"�����-����'"",t,6617755561,37.6175013,55.7398215,t,13
5199976045,37.6198213,55.7322093,"�� ��� '"�����������'"",t,245941570,37.6200123,55.7322713,t,13
4362163929,37.6496281,55.7616096,"�� '"�����-����'"",t,4362163931,37.6494641,55.7616851,t,13
4909411066,37.7049313,55.7480702,"��� '"�������������'"",t,2436822209,37.705128,55.7481229,t,13
9341937034,37.5027832,55.6788699,���� ��� (���),t,223959915,37.5029273,55.6787823,t,13
3541486188,37.6722917,55.7706524,���� ��� (���),t,3158097652,37.6722694,55.770776,t,13
1896753233,37.6404146,55.8197612,���� ��� (���),t,1122148356,37.6404379,55.8196385,t,13
2940986237,37.569487,55.7290405,"���� '"����'" (��)",t,2824201408,37.569454,55.7289217,t,13
1086716549,37.5882792,55.8962851,"��� '"���-����'"",t,1532496744,37.588073,55.8963302,t,13
9221096977,37.67924,55.727122,"���� '"����'" (��)",t,342064961,37.6793551,55.7270167,t,13
9985138767,37.4397024,55.8513868,���� ��� (���),t,489590993,37.4399104,55.8514281,t,13
9221097196,37.524373,55.656845,"���� '"����'" (��)",t,2232129273,37.5243371,55.6569666,t,13
8154434483,37.6096961,55.74104,��� ���� �����,t,2477705675,37.6098954,55.7410755,t,13
8676050665,37.5987336,55.7821559,���� ��� (��),t,4616541842,37.598615,55.7820463,t,14
9097160501,37.6465919,55.7174926,��� ��������,t,248798236,37.6468244,55.7175173,t,14
8676050666,37.5987359,55.7821606,���� ��� (��),t,4616541842,37.598615,55.7820463,t,14
9221096983,37.5848346,55.797073,"���� '"����'" (��)",t,7641073088,37.5850257,55.7971402,t,14
3478996674,37.6600607,55.7365265,����������,t,3478996676,37.6601126,55.7366511,t,14
3329224116,37.5814632,55.8060076,"�� '"�����-����'"",t,5239710402,37.5816289,55.8059149,t,14
5351709656,37.631194,55.8697964,��� ��������,t,1009220417,37.6312995,55.8696813,t,14
6402526624,37.6218532,55.7348941,�� ��������� ����,t,6402526935,37.6220451,55.7348178,t,14
2626629800,37.631909,55.780355,"��� '"���� �������'"",t,4352916535,37.631739,55.7802666,t,14
6777031396,37.6548295,55.7097328,"��� '"�������������'"",t,3740084418,37.6549144,55.7096154,t,14
6777082539,37.576258,55.723818,"��� '"�������������'"",t,1334069906,37.5760221,55.7238108,t,14
11173518588,37.470391,55.7376079,��� ��������,t,480564880,37.4705626,55.7376973,t,14
934548772,37.5529523,55.7472161,"��� '"�������������'"",t,4936258430,37.5529909,55.7473418,t,14
3842373556,37.4111313,55.7182336,���� ��� (���),t,485748966,37.4109654,55.7183243,t,14
4382023466,37.5999744,55.7421143,���� ��� (���),t,253039742,37.599927,55.7422378,t,14
9221096922,37.42483,55.804572,"���� '"����'" (��)",t,606256323,37.4246434,55.8045027,t,14
3631729777,37.6265149,55.7117952,"��� ���� '"�� ��������'"",t,1106831404,37.6262968,55.7118429,t,14
9221097486,37.6181879,55.8488633,"���� '"����'" (��)",t,1390377471,37.6183948,55.8488132,t,14
9718286429,37.6241907,55.7668086,"��� '"���������� ��������� ����'"",t,6373695757,37.6243516,55.7669079,t,14
4520378790,37.6057869,55.8837666,��� ��������,t,1044815185,37.6055562,55.8837635,t,14
8370874232,37.6296932,55.7698617,"��� '"�� ����'" ����",t,10300373190,37.6294764,55.7699094,t,14
4053202882,37.834001,55.812885,"'"���-����'" (���)",t,1121331366,37.8337785,55.8129368,t,15
9221096954,37.6040766,55.6892419,"���� '"����'" (��)",t,7111843664,37.6038607,55.6893108,t,15
2627628632,37.4972091,55.6705328,"��� '"���� �������'"",t,595643764,37.4971184,55.6704037,t,15
4069944094,37.5604549,55.7936866,����������,t,7220496679,37.5604247,55.7938276,t,15
1286587306,37.6256436,55.8655673,"��� '"�������������'"",t,1644037557,37.6254716,55.8656611,t,15
3218390301,37.5874377,55.774565,�� ��������� ����,t,4304717963,37.5873376,55.7744377,t,15
2560452107,37.6969183,55.6109799,��� ��������,t,1185020333,37.6967848,55.6108584,t,15
4648878581,37.6461105,55.6529537,��� ��������,t,3037272569,37.646183,55.6528244,t,15
11343828318,37.4399638,55.849519,���� ��� (���),t,248787414,37.4400491,55.8493889,t,15
2611535851,37.4666352,55.7024909,��� ���� ���,t,5940645735,37.4668842,55.7024668,t,15
12026306247,37.7196939,55.7532686,���� ��� (���),t,2431526026,37.7198146,55.753146,t,15
6124942585,37.7278025,55.6169135,��� ��������,t,1481534453,37.7280145,55.6169799,t,15
9248426817,37.5532734,55.6715752,�� ������,t,1689061612,37.5534695,55.6716606,t,15
10209861432,37.6585123,55.7425634,"'"��������-������������� ����'" (��)",t,3004645903,37.6583378,55.742666,t,15
9221097446,37.5186386,55.6104743,"���� '"����'" (��)",t,678384336,37.5187581,55.610348,t,15
7746379165,37.7013673,55.6342736,���� ��� (��),t,7746379167,37.7013363,55.634132,t,15
4348267691,37.5229989,55.7675925,��� ��������,t,3396803260,37.5227515,55.767612,t,15
9261399594,37.8338295,55.8250557,"���� '"����'" (��)",t,12228642916,37.834054,55.8250005,t,15
2627662764,37.6565244,55.7652432,"��� '"���� �������'"",t,6669840204,37.6567575,55.7652052,t,15
3893618245,37.5908861,55.7717002,"�� '"��������������'"",t,266437684,37.5909324,55.7718392,t,15
9769555911,37.6676376,55.7681731,"�� '"��������������'"",t,1885292148,37.6677559,55.7682987,t,15
4504211975,37.6283524,55.7639634,����������,t,4504212668,37.6283819,55.7640992,t,15
2748288141,37.6505064,55.7748365,"�� '"�����-����'"",t,8515936517,37.6503155,55.7749242,t,15
7670717739,37.605021,55.7614728,"'"��������-������������� ����'" (��)",t,2621564611,37.604791,55.7615175,t,15
8676050667,37.5987379,55.7821647,���� ��� (��),t,4616541842,37.598615,55.7820463,t,15
939214602,37.4972904,55.6554579,�� ��������� ����,t,2624362210,37.4970502,55.655487,t,15
8237711133,37.628226,55.778603,����������� ���� (��),t,88871118,37.6281191,55.7784789,t,15
2611760899,37.5085453,55.8206788,��� ���� ���,t,1417811430,37.5087663,55.8207625,t,16
8006896667,37.636271,55.722497,��� ���� �����,t,1638980550,37.6363889,55.7226315,t,16
2611760893,37.6340387,55.757726,��� ���� ���,t,249731548,37.6341313,55.7575832,t,16
1324794223,37.6128532,55.7991029,�� ��������� ����,t,4281806930,37.6126001,55.7991515,t,16
4916258317,37.5410271,55.8891179,��� ��������,t,615698015,37.5410252,55.8892617,t,16
4921153437,37.5701965,55.6855772,���� ��� (���),t,10278029506,37.5699904,55.6856624,t,16
2499279512,37.5168766,55.6310848,��� ��������,t,1035379743,37.5167905,55.6312206,t,16
1424886799,37.6005549,55.8934344,��� ��������,t,1424886812,37.6006627,55.8933032,t,16
3007434083,37.6680957,55.7447913,"�� '"�� ����'"",t,272710750,37.6679472,55.7449085,t,16
7682548802,37.6660587,55.8697332,��� ��������,t,339235080,37.6660983,55.8698838,t,16
7159408620,37.708589,55.7757883,��� ��������,t,1438127689,37.7086104,55.7756399,t,16
8529742062,37.6652144,55.7669086,��� ��������,t,1885009604,37.6654792,55.7668976,t,16
6777031285,37.622643,55.7666201,"��� '"�������������'"",t,3642902922,37.6226889,55.7667633,t,16
1324794217,37.6128426,55.7991994,"��� '"�������������'"",t,4281806930,37.6126001,55.7991515,t,16
2625463222,37.648469,55.7597193,��� ���� ���,t,5443945169,37.6487161,55.7596786,t,16
9937432818,37.6288608,55.7412809,��� ��������,t,3155928526,37.6289745,55.7414138,t,16
4349721892,37.6232014,55.633505,���� ��� (��),t,658339164,37.6229958,55.6336005,t,16
3398360838,37.7596418,55.7593555,��� ��������,t,1017783930,37.759825,55.7592479,t,16
9996849890,37.6660669,55.869733,"�� '"��������������'"",t,339235080,37.6660983,55.8698838,t,16
3512452649,37.624518,55.7339142,"�� '"�����-����'"",t,679396589,37.6243278,55.7338169,t,16
4450367661,37.6706955,55.7431998,��� ��������,t,8239552349,37.6707905,55.7433333,t,16
11481235075,37.6655088,55.7717281,���� ��� (���),t,11481058288,37.6657362,55.7717972,t,16
10288133351,37.4804673,55.8064783,��� ��������,t,1274134982,37.4803055,55.8065984,t,16
4349721893,37.6232354,55.6335178,"��� '"���������� ��������� ����'"",t,658339164,37.6229958,55.6336005,t,17
1955393561,37.3876552,55.7166691,��� ��������,t,31448556,37.3874298,55.716575,t,17
8006896665,37.7140474,55.7581253,��� ���� �����,t,3970759892,37.7143301,55.7581332,t,17
9718286879,37.4806255,55.7770512,"��� '"���������� ��������� ����'"",t,962190826,37.4809024,55.7770416,t,17
3007434081,37.668491,55.7439827,"�� '"�� ����'"",t,7837388652,37.6687373,55.7439155,t,17
4512760793,37.5001299,55.7808719,"��� ���� '"�� ��������'"",t,1832195102,37.5003067,55.7807556,t,17
9221097497,37.5427434,55.6199957,"���� '"����'" (��)",t,460435161,37.542745,55.6201534,t,17
4977568541,37.6142811,55.7415418,���� ��� (���),t,11627920730,37.6145017,55.741448,t,17
9221097350,37.8391353,55.7251186,"���� '"����'" (��)",t,2620503846,37.8392729,55.7252589,t,17
9221097090,37.71424,55.758311,"���� '"����'" (��)",t,3959113611,37.714515,55.7582812,t,17
8006902329,37.6420516,55.7341783,��� ���� �����,t,3081461821,37.6418223,55.7342639,t,17
4508937689,37.7600229,55.6740415,���� ��� (���),t,4698741942,37.7600568,55.6738853,t,17
2110382414,37.5090901,55.8100566,��� ��������,t,2005994731,37.5093078,55.8099606,t,17
4909411067,37.7048642,55.7480608,"�� '"�����-����'"",t,2436822209,37.705128,55.7481229,t,17
6680114938,37.6869477,55.7378365,��� ��������,t,2323985680,37.6869461,55.7379928,t,17
12052800011,37.5719993,55.6557648,�� ������,t,12078343408,37.5721927,55.6558822,t,17
6777023370,37.695991,55.7937,"��� '"�������������'"",t,8618100306,37.6961841,55.7938112,t,17
6777031372,37.6621172,55.8703766,"��� '"�������������'"",t,5959744701,37.6623282,55.870275,t,17
627937161,37.6122111,55.7210845,"�� '"��������������'"",t,2966689371,37.6121968,55.7212378,t,17
2611726628,37.5698814,55.7845496,��� ���� ���,t,993418419,37.5700298,55.7846861,t,17
938253576,37.6192064,55.7334214,���� ��� (���),t,4487641750,37.6193883,55.7335373,t,17
6777080759,37.6956475,55.7936865,"��� '"�������������'"",t,8618100311,37.6953839,55.7937273,t,17
10309568720,37.4915189,55.8589412,�� ������,t,266417063,37.4913705,55.8590754,t,17
10288133349,37.4804899,55.806479,���� ��� (���),t,1274134982,37.4803055,55.8065984,t,17
2268611061,37.5802038,55.7356454,"��� '"���-����'"",t,2206004953,37.5799354,55.735694,t,17
2627671487,37.5808523,55.7256019,"��� ���� '"�� ��������'"",t,3203420998,37.5810929,55.7255224,t,17
2113515418,37.5090795,55.8100462,"'"���-����'" (���)",t,2005994731,37.5093078,55.8099606,t,17
11295399327,37.619057,55.7352026,�� ������,t,6611945867,37.6188025,55.7351284,t,17
3153898584,37.7333189,55.763716,��� ��������,t,2781443982,37.7330474,55.7636827,t,17
939217288,37.536367,55.6567412,�� ��������� ����,t,2360277758,37.5364342,55.6565871,t,17
1329350052,37.553318,55.6715324,���� ��� (���),t,1689061612,37.5534695,55.6716606,t,17
9118543561,37.6190417,55.7352047,"�� '"�����-����'"",t,6611945867,37.6188025,55.7351284,t,17
4728928790,37.5472768,55.8793493,��� ��������,t,10672547116,37.5475558,55.8793359,t,17
9221096985,37.60454,55.882721,"���� '"����'" (��)",t,612785636,37.6044543,55.8825759,t,17
4124346492,37.6319921,55.8239881,����������,t,1600741339,37.6321585,55.8238594,t,17
4904836626,37.5022361,55.7717622,���� ��� (���),t,1705483807,37.502288,55.7719144,t,17
1655792062,37.4956083,55.7756538,��� ��������,t,967051222,37.4953713,55.7755601,t,18
5643792691,37.7520181,55.6197302,��� ��������,t,1993648630,37.7518165,55.6198499,t,18
2626942700,37.6660367,55.8697241,"��� '"���� �������'"",t,339235080,37.6660983,55.8698838,t,18
5597337971,37.711378,55.7329366,��� ��������,t,4788097031,37.7113111,55.7327765,t,18
11171038096,37.5968908,55.5833621,���� ��� (���),t,1939471681,37.5965921,55.5833617,t,18
4070021191,37.5604786,55.7936684,����������,t,7220496679,37.5604247,55.7938276,t,18
2627628664,37.4795185,55.7103943,"��� '"���� �������'"",t,461879308,37.479769,55.7104775,t,18
2870319823,37.5858157,55.7348494,"�� '"��������������'"",t,2863378933,37.585749,55.7346907,t,18
1286587358,37.6999594,55.7952935,"��� '"�������������'"",t,2308529668,37.7000512,55.795453,t,18
4384769700,37.6041242,55.7932171,"�� '"�����-����'"",t,1437752753,37.6040861,55.7930516,t,18
9221089949,37.687046,55.7748452,"���� '"����'" (��)",t,2411360433,37.6868915,55.7749853,t,18
2167788752,37.6320049,55.7682006,��� ��������,t,7137599543,37.6318005,55.7680844,t,18
9718286684,37.6221925,55.730658,"��� '"���������� ��������� ����'"",t,6397254175,37.6224378,55.730746,t,18
3252650533,37.5531999,55.6696224,���� ��� (���),t,3175036166,37.5529994,55.6694951,t,18
938070111,37.6171861,55.7646794,���� ��� (���),t,4837009237,37.6174603,55.7647424,t,18
1988390151,37.8164556,55.751174,"�� '"���� ������� ��������'"",t,376309444,37.8167358,55.7511103,t,18
4336633490,37.518338,55.7971028,���� ��� (���),t,268941585,37.5185791,55.7970136,t,18
7589687134,37.632486,55.7722533,���� ��� (���),t,4080475604,37.6325496,55.772091,t,18
9221096919,37.4713928,55.6432019,"���� '"����'" (��)",t,596545873,37.4711649,55.6430971,t,18
7682548803,37.6660553,55.8697224,���� ��� (��),t,339235080,37.6660983,55.8698838,t,18
11289345386,37.6005873,55.8934601,�� ������,t,1424886812,37.6006627,55.8933032,t,18
1286587382,37.656348,55.858009,"��� '"�������������'"",t,12111647529,37.6560674,55.8580526,t,18
5551583498,37.5846818,55.7430111,����������,t,5651440152,37.5849237,55.7431006,t,18
9297620547,37.4566491,55.7161126,�� ������,t,486603698,37.4563662,55.7161629,t,18
4528816201,37.4361558,55.8617195,���� ��� (���),t,4733889761,37.4364462,55.8617292,t,18
4126073933,37.6243638,55.6988833,"�� '"��������������'"",t,1579853121,37.624363,55.6987179,t,18
8529742063,37.6651893,55.766903,"��� '"���������� ��������� ����'"",t,1885009604,37.6654792,55.7668976,t,18
9221097479,37.6373407,55.7250792,"���� '"����'" (��)",t,4875412118,37.6372481,55.725239,t,18
6634172578,37.6675161,55.7798769,�� ������,t,4744748367,37.6675376,55.7800409,t,18
6769113501,37.5864253,55.7942792,"��� '"�������������'"",t,11020631942,37.5862471,55.7944104,t,18
6231778025,37.6382747,55.7648603,���� ��� (���),t,6225259148,37.6380259,55.7647796,t,18
3326157053,37.6518619,55.7434984,���� ��� (���),t,253466910,37.651568,55.7434682,t,18
1286587390,37.7611796,55.7254264,"��� '"�������������'"",t,9985477019,37.7610224,55.7255692,t,18
5273639600,37.6814785,55.7458943,���� ��� (���),t,434499682,37.6814675,55.7460637,t,18
6777070316,37.666073,55.869721,"��� '"�������������'"",t,339235080,37.6660983,55.8698838,t,18
8237711134,37.6187673,55.6604986,����������� ���� (��),t,2859760719,37.618485,55.6605457,t,18
4226622397,37.6812337,55.7736958,"�� '"��������������'"",t,613389517,37.6810517,55.77383,t,18
4693441291,37.4784972,55.8555705,��� ��������,t,4511057817,37.4783619,55.8557299,t,19
1625449565,37.6246109,55.698611,�� ��������� ����,t,1579853121,37.624363,55.6987179,t,19
656132952,37.637683,55.766132,���� ��� (���),t,5400997726,37.6373748,55.7660942,t,19
2611672577,37.6896667,55.7580512,��� ���� ���,t,2927201614,37.6899779,55.7580513,t,19
5337288912,37.6039106,55.8615275,"�� '"���� ������� ��������'"",t,411807674,37.6038035,55.8616879,t,19
4343523536,37.6082017,55.8627226,"�� '"�����-����'"",t,411807710,37.6079363,55.8628093,t,19
4117098594,37.5682826,55.811955,��� ��������,t,8006188609,37.5682301,55.8117864,t,19
5339901687,37.5679767,55.7420651,"'"���� '"���-������'" ���",t,659051447,37.5680806,55.7422332,t,19
9221096945,37.6165878,55.8043536,"���� '"����'" (��)",t,3157962060,37.6166377,55.8041837,t,19
4127700589,37.7845751,55.7181515,"�� '"�����-����'"",t,8676050664,37.7847618,55.7182892,t,19
6769113594,37.620783,55.7728339,"��� '"�������������'"",t,1844386353,37.6210352,55.772943,t,19
5351716220,37.6298329,55.7305891,"��� ���� '"�� ��������'"",t,506513856,37.6298032,55.7304146,t,19
3094540596,37.6579642,55.7066215,"��� '"���� �������'"",t,2947905221,37.6578869,55.7064486,t,19
884420360,37.532588,55.6996353,��� ��������,t,7040618984,37.5327353,55.6997849,t,19
5400998399,37.6389872,55.7660307,���� ��� (���),t,5400998397,37.6387899,55.7658959,t,19
4191912157,37.637526,55.7736529,��� ��������,t,1719510138,37.6372698,55.7735462,t,19
6777023304,37.6959023,55.7937287,"��� '"�������������'"",t,8618100306,37.6961841,55.7938112,t,19
2626849744,37.6577236,55.7063046,"��� '"���� �������'"",t,2947905221,37.6578869,55.7064486,t,19
6777031356,37.5214515,55.7774932,"��� '"�������������'"",t,1495262461,37.521484,55.7773178,t,19
4318697442,37.8197715,55.7509023,"��� ��� '"��������'"",t,3481502689,37.8198842,55.7507411,t,19
4558966089,37.7982604,55.8032186,��� ��������,t,4582170615,37.7980171,55.8031051,t,19
8405792368,37.6654679,55.7734958,��� ��������,t,10563070009,37.6651863,55.7735773,t,19
9221097498,37.453908,55.7783131,"���� '"����'" (��)",t,1965332950,37.4536773,55.7784243,t,19
8006896666,37.578942,55.783147,��� ���� �����,t,3013744726,37.5787517,55.7830063,t,19
4576758488,37.5850265,55.7729718,���� ��� (���),t,1306492035,37.584808,55.7731025,t,19
9646160424,37.6190099,55.7352568,��� ��������,t,6611945867,37.6188025,55.7351284,t,19
8963762293,37.6561702,55.7409505,���� ��� (���),t,6061295321,37.6563214,55.7408001,t,19
8772465452,37.6485315,55.7255248,����������,t,3995769886,37.6485873,55.7253485,t,19
8909993993,37.6083148,55.5996244,��� ��������,t,1689004257,37.6082713,55.599449,t,19
9718286917,37.5163847,55.7784315,"��� '"���������� ��������� ����'"",t,1685018050,37.5161341,55.7785386,t,19
3650549481,37.6288074,55.7629847,���� ��� (���),t,6378471212,37.6287089,55.7631462,t,19
2611760890,37.5946925,55.7407152,��� ���� ���,t,5229756762,37.5949996,55.7407848,t,20
5770747056,37.6339603,55.8371064,����������,t,4585727151,37.6341238,55.8369458,t,20
4487458826,37.6263273,55.745797,��� ��������,t,92353679,37.6263845,55.7459815,t,20
7036905766,37.434639,55.8631516,"�� '"��������������'"",t,1161618408,37.4343383,55.8632276,t,20
5518594822,37.8101503,55.7904082,"'"���-����'" (���)",t,3787856008,37.8098307,55.7903913,t,20
1754270616,37.6987176,55.7577337,"�� '"����� ����'"",t,7593099892,37.6984063,55.7576929,t,20
2625463220,37.626609,55.7117945,��� ���� ���,t,1106831404,37.6262968,55.7118429,t,20
12059173935,37.6638172,55.737287,"��� '"�� ����'" ����",t,6030606012,37.6641507,55.7372958,t,20
11487140663,37.5744653,55.7921025,"��� '"���������� ��������� ����'"",t,8480282913,37.5741586,55.7921687,t,20
11481235076,37.6654284,55.7717371,��� �������,t,11481058288,37.6657362,55.7717972,t,20
5894578757,37.4039905,55.798969,"�� '"����� ����'"",t,660149275,37.4039015,55.7987893,t,20
11717137969,37.7338783,55.607107,�� ������,t,660558793,37.7340829,55.6069668,t,20
7670727095,37.6824403,55.7464587,"'"��������-������������� ����'" (��)",t,6885459334,37.6821157,55.7464903,t,20
3683499632,37.4356854,55.8621078,���� ��� (��),t,1174036068,37.4358337,55.862275,t,20
9254359675,37.670602,55.6310911,"��� ���� '"�� ��������'"",t,9088917106,37.670808,55.6312314,t,20
4298747698,37.7002765,55.7949069,"��� '"�������������'"",t,598696747,37.7005206,55.7947836,t,20
4327588190,37.7379579,55.621397,��� ��������,t,299071011,37.7381036,55.6215649,t,20
6633733371,37.6605802,55.8865512,�� ������,t,4895858853,37.6606557,55.8863683,t,20
4964043423,37.5155483,55.859843,"��� '"���������� ��������� ����'"",t,5361370048,37.515579,55.8596571,t,20
2007250839,37.7752805,55.7917566,��� �������,t,68886871,37.7755184,55.7916258,t,20
3783312674,37.6125527,55.7403944,"�� ��� '"�����������'"",t,4144902435,37.6122527,55.7403174,t,20
1286587031,37.7018771,55.7355652,"��� '"�������������'"",t,5450583593,37.7021947,55.7355986,t,20
12247899614,37.5679126,55.7420772,���� ��� (��),t,659051447,37.5680806,55.7422332,t,20
9221096942,37.409909,55.716602,"���� '"����'" (��)",t,304361267,37.4096334,55.7164983,t,20
2851581007,37.7334841,55.7867823,��� ��������,t,2014048898,37.7336239,55.7866162,t,20
7655922576,37.6598699,55.7584128,���� ��� (���),t,5966000178,37.6595874,55.7585092,t,20
1929099935,37.5925976,55.6176711,��� ��������,t,1546908839,37.5923004,55.6175921,t,20
5407468148,37.4873105,55.8390454,���� ��� (���),t,6633170925,37.4870056,55.8389875,t,20
4130650329,37.7568613,55.677373,��� ��������,t,609624799,37.7571394,55.677469,t,20
4384769701,37.6012891,55.7857296,"�� '"�����-����'"",t,11131978928,37.6015517,55.7856259,t,20
5446041188,37.6333273,55.7818613,���� ��� (���),t,8842880703,37.6334653,55.7820249,t,20
9221096929,37.53646,55.654821,"���� '"����'" (��)",t,330771776,37.5366572,55.6546591,t,21
1628954787,37.8194244,55.75248,��� ��������,t,946558779,37.8197572,55.7524452,t,21
9221097023,37.6043902,55.7236642,"���� '"����'" (��)",t,6590721275,37.6045545,55.7238318,t,21
3583952360,37.6797607,55.7892861,����������,t,10235365334,37.6801001,55.7893342,t,21
514169772,37.6754626,55.8660876,"�� '"��������������'"",t,178128666,37.6751334,55.8661283,t,21
4127700689,37.7845328,55.7181475,"��� '"�������������'"",t,8676050664,37.7847618,55.7182892,t,21
1579582737,37.6228783,55.8222576,��� �������,t,6455928270,37.6229349,55.8224471,t,21
1286587391,37.6791074,55.7373865,"��� '"�������������'"",t,252847112,37.6793929,55.7374915,t,21
9254359674,37.6705881,55.6310783,�� ������,t,9088917106,37.670808,55.6312314,t,21
6488180932,37.4787607,55.8562377,��� ��������,t,6301946351,37.4791101,55.8562249,t,21
6206469994,37.7283329,55.6920172,�� ������,t,1024913835,37.7286178,55.6919176,t,21
4245257589,37.5791494,55.7717464,"��� '"���-����'"",t,1288484604,37.5792616,55.7715686,t,21
6777041953,37.5217116,55.6331383,"��� '"�������������'"",t,631502705,37.5215637,55.6333168,t,21
4318697447,37.8194342,55.7524987,"�� '"�����-����'"",t,946558779,37.8197572,55.7524452,t,21
11619507158,37.657751,55.7764055,���� ��� (���),t,8904848032,37.657918,55.7762367,t,21
7670717710,37.678281,55.776705,"'"��������-������������� ����'" (��)",t,5185882695,37.6779438,55.7767304,t,21
938253590,37.5819761,55.7467776,���� ��� (���),t,250523960,37.5823193,55.7467922,t,21
5218798144,37.6015945,55.7376194,�� ��������� ����,t,5218798146,37.6016175,55.737815,t,21
1286587257,37.6631468,55.6805327,"��� '"�������������'"",t,1148809078,37.6634081,55.6804098,t,21
2284308668,37.7305484,55.6442378,"�� '"�����-����'"",t,610821743,37.730638,55.6444277,t,21
9221096971,37.5435627,55.8785015,"���� '"����'" (��)",t,1229309238,37.5437578,55.8783441,t,21
1082239969,37.6867793,55.884149,��� ��������,t,1114115517,37.6868035,55.8843399,t,21
5478755199,37.8194214,55.7524675,�� ������,t,946558779,37.8197572,55.7524452,t,21
3657565818,37.5099174,55.7449748,"�� '"�����-����'"",t,971038773,37.5099349,55.7447856,t,21
10811625618,37.7844862,55.7181729,�� ������,t,8676050664,37.7847618,55.7182892,t,21
8026209385,37.6209284,55.819909,�� ������,t,12185869302,37.6212175,55.8198123,t,21
4310019889,37.4227536,55.7261548,���� ��� (���),t,480448718,37.4229544,55.7263129,t,21
5016401921,37.6107795,55.6277214,��� ��������,t,546850238,37.6109002,55.62754,t,21
8198518793,37.624687,55.7543188,���� ��� (���),t,983182871,37.6243659,55.7543876,t,21
1286586921,37.7146411,55.7996342,"��� '"�������������'"",t,7952688484,37.7144807,55.7994683,t,21
1817510200,37.5792249,55.8075511,��� ��������,t,652514715,37.5791446,55.8077418,t,21
4070035289,37.5605753,55.7936573,����������,t,7220496679,37.5604247,55.7938276,t,21
4991374251,37.6326451,55.7416515,"�� '"��������������'"",t,3790445766,37.6325526,55.7418335,t,21
4285874992,37.5164703,55.7785219,��� �������,t,1685018050,37.5161341,55.7785386,t,21
11288672948,37.6228073,55.7363814,"��� '"���� '"�����-���������'"",t,1240913878,37.6225904,55.7365259,t,21
3725026903,37.5881065,55.7337449,"�� '"��������������'"",t,2863378919,37.5884162,55.7338502,t,22
5599714449,37.8236523,55.7190931,��� ��������,t,704330760,37.8236337,55.7192958,t,22
5108910290,37.5482807,55.7734967,���� ��� (���),t,268943765,37.5485478,55.773368,t,22
4693450591,37.6810442,55.6361713,��� ��������,t,3230423666,37.6807146,55.6360997,t,22
4683881474,37.6966238,55.7215196,��� ��������,t,2066336695,37.6969805,55.7214909,t,22
4994501821,37.632022,55.7339826,"�� '"����-����'"",t,5182607107,37.6321672,55.7341677,t,22
5244167439,37.590749,55.7729139,"��� ���� '"�� ��������'"",t,968170636,37.590693,55.7727098,t,22
2625463223,37.6487851,55.762618,��� ���� ���,t,6165478137,37.6484294,55.7626551,t,22
2627597737,37.5891675,55.7743399,"��� '"���� �������'"",t,12092524339,37.5895138,55.7743871,t,22
4151982905,37.5978703,55.6515208,��� ��������,t,4270455516,37.5977014,55.6513408,t,22
5265370419,37.5723114,55.7023304,��� ��������,t,10073414944,37.5720554,55.7024674,t,22
7121996385,37.6768738,55.7923164,"��� '"���� �������'"",t,2268282973,37.676533,55.7922558,t,22
2625460126,37.4798457,55.781718,��� ���� ���,t,1451244292,37.4795364,55.7816247,t,22
6777084616,37.4674934,55.7362923,"��� '"�������������'"",t,4947003172,37.4678368,55.7363438,t,22
2452280762,37.6805356,55.6324488,��� ��������,t,3992122852,37.680189,55.6324755,t,22
7001514236,37.6215796,55.7230995,"��� '"�������������'"",t,3054497545,37.6217283,55.7229161,t,22
7047296617,37.7161009,55.7820374,"��� '"���������� ��������� ����'"",t,10284195967,37.7160176,55.7822366,t,22
7121995585,37.6768444,55.792359,���� ��� (���),t,2268282973,37.676533,55.7922558,t,22
2335274369,37.6102031,55.7199612,"�� '"��������������'"",t,7376757304,37.6098733,55.719872,t,22
2059700851,37.6563027,55.7088041,"�� '"�����-����'"",t,1225983692,37.656498,55.7089687,t,22
9718286918,37.553646,55.6674715,"��� '"���������� ��������� ����'"",t,903015337,37.5533072,55.6674201,t,22
2594504921,37.8189228,55.7525041,��� ��������,t,757297351,37.818739,55.7523269,t,22
9718286831,37.5792446,55.6898243,"��� '"���������� ��������� ����'"",t,10257905000,37.5793444,55.6896336,t,22
1688117100,37.7170095,55.7971163,"��� '"�������������'"",t,9292807241,37.7167738,55.7972683,t,22
1667728175,37.5872983,55.710543,����������,t,7534549463,37.5873739,55.7103488,t,22
9718286519,37.5708925,55.6847463,"��� '"���������� ��������� ����'"",t,1132095220,37.5711078,55.6845804,t,22
9062105931,37.7508241,55.6222201,�� ������,t,5845213608,37.7508983,55.6220186,t,22
9297620552,37.456724,55.7161265,��� ��������,t,486603698,37.4563662,55.7161629,t,22
9221096930,37.508401,55.676227,"���� '"����'" (��)",t,418752188,37.508075,55.6763204,t,22
9221096934,37.604594,55.8104254,"���� '"����'" (��)",t,8262076211,37.6044631,55.8106117,t,22
1286586888,37.71776,55.784199,"��� '"�������������'"",t,11099203895,37.7180909,55.7842745,t,22
1286586784,37.645501,55.729871,"��� '"�������������'"",t,10711268110,37.6454287,55.7296732,t,22
8282135345,37.6359746,55.7719873,"��� '"���-����'"",t,5115333526,37.6357933,55.7721641,t,22
691744699,37.6584612,55.6406104,�� ��������� ����,t,252498392,37.658716,55.6404661,t,22
9221097212,37.77002,55.7626393,"���� '"����'" (��)",t,489444144,37.7700207,55.7628429,t,22
588069762,37.6253563,55.7270179,���� ��� (���),t,246699287,37.6251214,55.7268691,t,22
10238025893,37.43508,55.8497672,��� ��������,t,1391583651,37.435398,55.8496621,t,23
938070079,37.6005043,55.7876043,���� ��� (���),t,162171259,37.6006396,55.7878018,t,23
5240047814,37.5189068,55.8057364,"�� '"���� ������� ��������'"",t,313373136,37.5185294,55.8057266,t,23
5223109022,37.6336983,55.7410346,���� ��� (���),t,3156163389,37.6338274,55.7408384,t,23
4337419790,37.4990363,55.6488138,����������,t,6417801791,37.4989628,55.6490176,t,23
9996849889,37.6658468,55.8697327,��� ��������,t,339235080,37.6660983,55.8698838,t,23
2876845174,37.8309223,55.781169,����������,t,3754280237,37.831263,55.7812549,t,23
1827648502,37.5833861,55.8041818,"�� '"�����-����'"",t,7644571089,37.5837527,55.8042222,t,23
1817510198,37.5873842,55.8064388,��� ��������,t,3699843936,37.5873513,55.8062249,t,23
1758067323,37.6559985,55.7089619,"��� '"���������� ��������� ����'"",t,614464900,37.6556662,55.7090544,t,23
1693654699,37.6633492,55.6802038,��� ��������,t,1148809078,37.6634081,55.6804098,t,23
6207683286,37.4063229,55.8074451,���� ��� (���),t,3706994741,37.4059534,55.8074543,t,23
9718286785,37.5337064,55.7511988,"��� '"���������� ��������� ����'"",t,10642390271,37.5334105,55.751067,t,23
3740110019,37.4953641,55.671598,"�� '"��������������'"",t,2390711612,37.4950668,55.6717254,t,23
3735078080,37.799372,55.8160098,���� ��� (���),t,1057361129,37.7990257,55.8159343,t,23
1579582736,37.623006,55.8222414,���� ��� (���),t,6455928270,37.6229349,55.8224471,t,23
9718286607,37.5849769,55.7729177,"��� '"���������� ��������� ����'"",t,1306492035,37.584808,55.7731025,t,23
4860079584,37.7845841,55.7895133,"��� '"���������� ��������� ����'"",t,923968954,37.7843022,55.789375,t,23
9718286523,37.6075852,55.6593199,"��� '"���������� ��������� ����'"",t,2998106841,37.6072582,55.6594156,t,23
3685929576,37.6206912,55.7461073,��� ��������,t,1543110281,37.6204278,55.7459596,t,23
9507030086,37.6358462,55.740084,���� ��� (��),t,5594275090,37.6360259,55.7402649,t,23
12159545258,37.6406421,55.7743388,���� ��� (��),t,7363090314,37.6404158,55.7745121,t,23
4687261465,37.6351496,55.8700801,��� ��������,t,687658339,37.6354248,55.8699421,t,23
1286587267,37.6950229,55.7365963,"��� '"�������������'"",t,4480333543,37.6954013,55.7365835,t,23
9221097021,37.6104907,55.723413,"���� '"����'" (��)",t,11165933007,37.6106572,55.7232261,t,23
1229461501,37.5462037,55.7498071,"��� '"��������'" (���)",t,1378047118,37.5458606,55.7497275,t,23
3749360999,37.5925334,55.733323,"'"��������-������������� ����'" (��)",t,273112728,37.5928037,55.7331779,t,23
5382891423,37.4857457,55.6460367,"�� '"�����-����'"",t,423801347,37.4853728,55.6460561,t,23
1963480933,37.5775981,55.8191748,"��� '"�������������'"",t,2901428697,37.5772191,55.8191735,t,23
2583161219,37.648721,55.8226408,��� ��������,t,1074003068,37.6485316,55.8228235,t,23
2626942697,37.6457346,55.8369302,"��� '"���� �������'"",t,2016275082,37.6458997,55.8367438,t,23
5810791379,37.6105853,55.7236198,��� ��������,t,1215414598,37.6103953,55.7238011,t,23
4298816691,37.6398915,55.8171947,���� ��� (��),t,11991537120,37.6399103,55.817405,t,23
2627628649,37.5578897,55.6816179,"��� '"���� �������'"",t,4244049684,37.5576066,55.6817617,t,23
6777080754,37.56581,55.677374,"��� '"�������������'"",t,1439291447,37.5655884,55.6772033,t,23
10841373800,37.7153236,55.7707639,��� ��������,t,2494457566,37.7149664,55.7707071,t,23
10572314648,37.6129613,55.7128204,���� ��� (���),t,3852331059,37.6127,55.7126699,t,23
10922438337,37.6636836,55.7728875,"�� '"�����-����'"",t,10559424487,37.6637818,55.7731,t,24
1329350040,37.5536283,55.671458,"�� '"�����-����'"",t,1689061612,37.5534695,55.6716606,t,24
6140344622,37.7014823,55.6223551,��� ��������,t,794161815,37.7013558,55.6221426,t,24
4348262591,37.5172034,55.7160929,��� ��������,t,480758175,37.5172462,55.7158738,t,24
4423683390,37.7326702,55.719407,��� ��������,t,517714578,37.7322853,55.719461,t,24
6769113486,37.417599,55.7410914,"��� '"�������������'"",t,244034087,37.4173263,55.7409376,t,24
1758067322,37.6560004,55.7089402,��� ��������,t,614464900,37.6556662,55.7090544,t,24
3756053512,37.5970999,55.7833637,���� ��� (���),t,10303465611,37.5974948,55.7833622,t,24
6423573035,37.6562478,55.763272,"�� '"����� ����'"",t,4745818919,37.6560166,55.7630982,t,24
4930362421,37.5753608,55.7334716,��� ��������,t,274116109,37.5754326,55.7336871,t,24
4926705542,37.734134,55.730388,"�� '"�����-����'"",t,549258071,37.7337658,55.7303228,t,24
2627597733,37.728083,55.691465,"��� '"���� �������'"",t,1024913808,37.7284019,55.6913408,t,24
3749361000,37.5925105,55.733327,"�� '"��������������'"",t,273112728,37.5928037,55.7331779,t,24
618112479,37.721889,55.6473844,��� ��������,t,2481949796,37.7222083,55.6472651,t,24
1669762914,37.6991081,55.7958386,���� ��� (���),t,2308529673,37.6989342,55.7956394,t,24
9718286540,37.4180254,55.8501711,"��� '"���������� ��������� ����'"",t,1389769206,37.4176318,55.8501895,t,24
10922438338,37.6636353,55.772892,���� ��� (��),t,10559424487,37.6637818,55.7731,t,24
1625449558,37.6249971,55.7004672,�� ��������� ����,t,1579853216,37.624636,55.7005489,t,24
8867964994,37.8357114,55.809726,"��� '"����������'"",t,1895028808,37.8360976,55.8097084,t,24
1728779782,37.6866881,55.8839218,���� ��� (���),t,1114115509,37.6863822,55.8837803,t,24
9750312015,37.5852317,55.8115583,���� ��� (���),t,2954889196,37.5848552,55.8115029,t,24
6777082542,37.5881123,55.7785142,"��� '"�������������'"",t,198320745,37.5881567,55.7782918,t,24
2627806009,37.5989739,55.5837169,"��� '"���� �������'"",t,7004842386,37.5992837,55.5835805,t,24
9221097349,37.555048,55.859584,"���� '"����'" (��)",t,4486725122,37.5549967,55.8597984,t,24
4685691365,37.6374562,55.8715248,��� ��������,t,545912062,37.6377966,55.8714247,t,24
4310187839,37.6054686,55.7616596,"�� '"���� ������'"",t,272647519,37.6053249,55.7618644,t,24
9221096966,37.6051397,55.7011864,"���� '"����'" (��)",t,595359944,37.6054877,55.7012772,t,24
2140237416,37.5915714,55.7723896,��� ��������,t,1118302939,37.5916002,55.7721722,t,24
7350916060,37.4009215,55.7200156,��� ��������,t,494013885,37.401271,55.720112,t,24
5275706953,37.6262388,55.7594317,���� ��� (���),t,5285841487,37.6263408,55.7592169,t,24
4127528689,37.5729651,55.8209196,"��� '"�������������'"",t,962961053,37.5725831,55.8209749,t,24
9221096986,37.5347836,55.6505257,"���� '"����'" (��)",t,479731712,37.5346261,55.6507315,t,24
3404487741,37.833521,55.7592378,"�� '"��������������'"",t,481345376,37.8331406,55.7592756,t,24
4559790741,37.8144219,55.8034509,��� ��������,t,8150565772,37.8141068,55.8033143,t,24
9221096926,37.6765236,55.8518915,"���� '"����'" (��)",t,528965728,37.6768531,55.8520047,t,24
6140344623,37.7014866,55.622348,��� ��������,t,794161815,37.7013558,55.6221426,t,24
1986978833,37.6669049,55.8839075,"�� '"�����-����'"",t,1250859919,37.6672749,55.8838377,t,24
10669825284,37.6048634,55.6484353,�� ��������� ����,t,10669825281,37.6044953,55.6483592,t,24
2092870514,37.6307963,55.7695706,����������,t,6852765559,37.6304762,55.7694415,t,24
1550428913,37.6496884,55.7723412,���� ��� (���),t,2260697826,37.6492921,55.7723748,t,25
10922438339,37.6635924,55.7728973,�� ������,t,10559424487,37.6637818,55.7731,t,25
1286587231,37.679136,55.744639,"��� '"�������������'"",t,4020099229,37.6793319,55.7448373,t,25
12247899617,37.5816241,55.7473833,���� ��� (��),t,7326254145,37.5817139,55.7471568,t,25
9221096960,37.83482,55.7756945,"���� '"����'" (��)",t,2705310807,37.8344974,55.7758277,t,25
1172054320,37.5373115,55.7464556,"�� '"������ ������ ���� (������)'"",t,6364360748,37.5371326,55.7462514,t,25
4412901196,37.6061622,55.798318,"�� '"��������������'"",t,330775690,37.6064974,55.7981823,t,25
4285863691,37.516377,55.7787217,"�� '"�����-����'"",t,1685018050,37.5161341,55.7785386,t,25
1172065741,37.5372985,55.7464629,���� ��� (���),t,6364360748,37.5371326,55.7462514,t,25
3410453576,37.622515,55.7700981,"��� '"������� ����'" (���)",t,92882564,37.6222722,55.7702833,t,25
1399520150,37.618854,55.8485112,����������,t,1390377472,37.6192659,55.8485288,t,25
1286587379,37.775416,55.75447,"��� '"�������������'"",t,1255121090,37.7758207,55.7544252,t,25
1389186868,37.628501,55.8941074,��� ��������,t,616294586,37.6283942,55.8938872,t,25
2611760900,37.5782636,55.8455654,��� ���� ���,t,5700519769,37.5786361,55.8454648,t,25
1351565031,37.6239657,55.6328702,"�� '"��������������'"",t,9422021335,37.623743,55.6326843,t,25
1351526948,37.7090365,55.7815742,"��� '"���-����'"",t,1352420171,37.708813,55.7817669,t,25
9221096840,37.7422923,55.7560924,"���� '"����'" (��)",t,7500982261,37.7419138,55.7560138,t,25
6769113499,37.565934,55.677328,"��� '"�������������'"",t,1439291447,37.5655884,55.6772033,t,25
9537436756,37.6218233,55.7253922,��� ��������,t,1253919173,37.6220909,55.72557,t,25
4887361621,37.6041531,55.7746987,���� ��� (���),t,2125599921,37.6038196,55.7748314,t,25
7670717219,37.652927,55.754569,"'"��������-������������� ����'" (��)",t,5457805790,37.6531364,55.7543756,t,25
5343376857,37.7884077,55.7607734,���� ��� (���),t,324533347,37.7883872,55.7610022,t,25
938070122,37.6169472,55.7635657,���� ��� (���),t,4834914717,37.6173035,55.7636787,t,25
5164414192,37.7883685,55.7514205,���� ��� (���),t,324533049,37.7880839,55.7515829,t,25
5154817852,37.5854803,55.8010251,��� ��������,t,7644566929,37.5852317,55.8012108,t,25
6777023300,37.5104302,55.6779503,"��� '"�������������'"",t,3691335290,37.5105686,55.6781698,t,25
6171249281,37.7014773,55.6223615,��� ��������,t,794161815,37.7013558,55.6221426,t,25
4347697153,37.6201531,55.713855,"��� �� '"�����'"",t,4513436783,37.6202009,55.7140858,t,25
4243080396,37.6531774,55.7430203,"��� '"�������������'"",t,338523768,37.6527768,55.7430453,t,25
1883783144,37.7064984,55.7949481,"��� '"��� ����'"",t,1885509144,37.7069081,55.7949495,t,25
5538199616,37.6619965,55.8704089,"�� '"����-����'" (��)",t,5959744701,37.6623282,55.870275,t,25
7881464883,37.634319,55.7709488,��� ��������,t,9926992076,37.6344748,55.7711559,t,25
8006896669,37.758077,55.755785,��� ���� �����,t,2015351434,37.7578044,55.7556213,t,25
941766735,37.636297,55.8083653,��� ��������,t,963983602,37.6366174,55.808218,t,25
4250489696,37.6596372,55.6776581,��� ��������,t,1300542011,37.6596345,55.6778873,t,25
3733213053,37.5931141,55.7671305,"��� '"���-����'"",t,1067900186,37.5935171,55.7671175,t,25
6400217985,37.5336348,55.662305,"�� '"����� ����'"",t,3125542885,37.5336113,55.6620794,t,25
6777084624,37.6388871,55.765102,"��� '"�������������'"",t,5509521821,37.6388016,55.7653304,t,25
3053223974,37.7844803,55.7181184,��� ��������,t,8676050664,37.7847618,55.7182892,t,25
6361772615,37.6206907,55.7707972,�� ��������� ����,t,1869020701,37.621065,55.7708823,t,25
2455480483,37.5117532,55.8077562,"�� '"�����-����'"",t,5217099770,37.5121656,55.8077418,t,25
1842900806,37.5731295,55.6607984,��� ��������,t,540684836,37.5731324,55.6605711,t,25
4315683889,37.6349983,55.7441766,���� ��� (��),t,2880662667,37.6349512,55.7444067,t,25
5481463449,37.7741759,55.7208239,"��� '"���������� ��������� ����'"",t,4809410423,37.7743309,55.7210349,t,25
9246049840,37.6742225,55.5814667,��� ��������,t,333598520,37.6746163,55.5813901,t,26
938070061,37.6236894,55.7682889,���� ��� (���),t,8718542378,37.623503,55.7680736,t,26
4259313892,37.5694475,55.8170837,��� ��������,t,965827167,37.5698659,55.8170655,t,26
937713832,37.5527643,55.7408844,��� ��������,t,722212192,37.5530488,55.7410622,t,26
4321067437,37.4335383,55.8634659,���� ��� (���),t,918245457,37.4331531,55.8633601,t,26
12048027167,37.6066176,55.7676949,���� ��� (���),t,272632723,37.6062173,55.7677643,t,26
1172063290,37.5372824,55.7464711,"�� '"��������������'"",t,6364360748,37.5371326,55.7462514,t,26
4103678289,37.5634023,55.8681044,����������,t,317464952,37.5631219,55.867924,t,26
11327691761,37.724826,55.6823011,��� ��������,t,8512274815,37.7252242,55.6823783,t,26
4325187293,37.7604088,55.8040606,��� ��������,t,9062452171,37.7601685,55.803864,t,26
4327593691,37.7384921,55.6214662,��� ��������,t,299071011,37.7381036,55.6215649,t,26
4343899491,37.604304,55.5975099,"�� '"��������������'"",t,1939522604,37.6038835,55.5975097,t,26
11526519008,37.6345655,55.7860424,��� ��������,t,3905417955,37.6346252,55.7858048,t,26
12092080396,37.6007012,55.7676826,�� ������,t,12092524318,37.6008925,55.7674721,t,26
9718286690,37.7785921,55.7121296,"��� '"���������� ��������� ����'"",t,3259351159,37.7782978,55.7119607,t,26
4413683361,37.4369719,55.8595805,���� ��� (���),t,668734687,37.4366212,55.8594417,t,26
3749361001,37.5924888,55.7333307,"�� '"�����-����'"",t,273112728,37.5928037,55.7331779,t,26
4384764023,37.6000701,55.7888527,��� ��������,t,985782867,37.5997765,55.7886785,t,26
9287137636,37.5790399,55.8075135,����������,t,652514715,37.5791446,55.8077418,t,26
4318697440,37.8162226,55.7508258,���� ��� (���),t,376309609,37.8166302,55.7508739,t,26
4551158390,37.7448038,55.6493898,��� ��������,t,582164237,37.7450404,55.649585,t,26
5108309425,37.4778288,55.6463419,��� ��������,t,3790542634,37.4777686,55.6465794,t,26
1531266598,37.6003915,55.7677975,��� ��������,t,1157351975,37.6004731,55.7680308,t,26
6808207585,37.7307484,55.8781842,��� ��������,t,3475682355,37.7303347,55.8782378,t,26
6943361882,37.6236244,55.6801155,�� ������,t,2967959820,37.6239297,55.6802784,t,26
2627628636,37.5862878,55.6719754,"��� '"���� �������'"",t,6195576784,37.5866688,55.6720673,t,26
7126057126,37.3805801,55.7900969,���� ��� (��),t,2684993925,37.3809379,55.790226,t,26
2186629303,37.7434033,55.7658145,���� ��� (���),t,450610849,37.7432806,55.7655894,t,26
3071821064,37.7477455,55.6588801,���� ��� (���),t,2625554235,37.7478873,55.6586556,t,26
5286213655,37.5742997,55.7036219,"��� ���� '"�� ��������'"",t,1941756838,37.5744829,55.7038412,t,26
2016386743,37.7572203,55.7472603,"�� '"�����-����'"",t,179533092,37.7572062,55.7475002,t,26
2898527938,37.6475147,55.7724449,��� ��������,t,3284887265,37.6471685,55.772304,t,26
5088305792,37.6362071,55.7923794,���� ��� (���),t,104185761,37.6360507,55.7921583,t,26
8006896664,37.422468,55.714802,��� ���� �����,t,4035216437,37.4225024,55.7145678,t,26
2626942699,37.6531727,55.8548977,"��� '"���� �������'"",t,12166473552,37.6532431,55.8546623,t,26
6503797885,37.7196376,55.6097034,��� ��������,t,765968879,37.7192998,55.6098517,t,26
2500443061,37.5805842,55.8581423,"��� '"�������������'"",t,11842035372,37.5802604,55.8582991,t,26
6769113508,37.5655899,55.6774453,"��� '"�������������'"",t,1439291447,37.5655884,55.6772033,t,26
1286587107,37.715262,55.7807631,"��� '"�������������'"",t,7936950555,37.7148521,55.7808103,t,26
2612128384,37.5488095,55.6412403,"��� '"���� �������'"",t,3718462551,37.5490523,55.6414326,t,26
1320050774,37.6945942,55.8612537,��� ��������,t,3088408949,37.6949255,55.8613965,t,26
6770262166,37.6474692,55.6530835,��� �������,t,3102245734,37.6474507,55.6528453,t,26
3341683386,37.5644067,55.6778438,"�� '"���� ������� ��������'"",t,1282400241,37.5643295,55.6780787,t,26
6777023383,37.6346138,55.7534629,"��� '"�������������'"",t,969292214,37.6349713,55.753336,t,26
6777023376,37.6108548,55.7286098,"��� '"�������������'"",t,4711988262,37.6109746,55.7283782,t,26
5801480654,37.4782903,55.8011242,��� ��������,t,1487177525,37.4786586,55.8012468,t,26
12219274617,37.6283382,55.7772805,��� ��������,t,80136809,37.6279363,55.7773868,t,27
12159545261,37.6348096,55.7237749,���� ��� (��),t,1733860756,37.6344658,55.723924,t,27
11224311988,37.5529948,55.6016166,���� ��� (���),t,616213701,37.5534301,55.6015761,t,27
12159545260,37.6054206,55.768915,���� ��� (��),t,239987740,37.6058043,55.7690326,t,27
10085664451,37.5930207,55.6188111,"�� '"����� ����'"",t,954237114,37.592698,55.6189803,t,27
5208111822,37.4569466,55.78417,"�� '"��������������'"",t,1492413714,37.4569642,55.7844205,t,27
7832507815,37.6230562,55.7362971,"��� '"���� '"�����-���������'"",t,1994400105,37.6234474,55.7361944,t,27
5502237111,37.5778721,55.8442528,���� ��� (���),t,5502237116,37.5775031,55.8443833,t,27
4318697444,37.8128496,55.7519974,��� ��������,t,4700068987,37.8124369,55.7520902,t,27
2181347854,37.6533532,55.6368604,��� ��������,t,1141358291,37.6529799,55.6367257,t,27
5770731156,37.633202,55.8373707,����������,t,1112123126,37.6336343,55.8373701,t,27
6769113595,37.4176661,55.7410869,"��� '"�������������'"",t,244034087,37.4173263,55.7409376,t,27
2626849747,37.584559,55.760099,"��� '"���� �������'"",t,2994786053,37.5844283,55.759865,t,27
4037292824,37.6570028,55.7564422,"�� '"�� ����'"",t,1222744911,37.6567127,55.756623,t,27
2626653669,37.6039156,55.7796645,"��� '"���� �������'"",t,11638931478,37.6043284,55.7795769,t,27
11699186376,37.5686958,55.8469729,��� ��������,t,3792446060,37.5684262,55.8467724,t,27
6777041957,37.553792,55.671498,"��� '"�������������'"",t,1689061612,37.5534695,55.6716606,t,27
938253562,37.6466629,55.7686655,���� ��� (���),t,5610265014,37.6465637,55.7689084,t,27
7929466097,37.6232365,55.8350825,��� ��������,t,12063461031,37.6235626,55.8349238,t,27
9718286452,37.8222102,55.720243,"��� '"���������� ��������� ����'"",t,1872293647,37.8221749,55.7199961,t,27
9718275888,37.7487177,55.6342464,"��� '"���������� ��������� ����'"",t,2891236029,37.749106,55.6341356,t,27
9221097211,37.6183367,55.8210141,"���� '"����'" (��)",t,583509126,37.6179442,55.8211322,t,27
9221096910,37.480117,55.66076,"���� '"����'" (��)",t,613206701,37.4803065,55.6609815,t,27
4789434221,37.7901174,55.7507302,"�� '"��������������'"",t,1253962029,37.7904537,55.7508818,t,27
8956969827,37.7218339,55.6473845,�� ������,t,2481949796,37.7222083,55.6472651,t,27
1329350038,37.5547087,55.6712599,"�� '"��������������'"",t,2339231697,37.5550328,55.6714284,t,27
8758277952,37.6587348,55.7413137,"��� '"�������������'"",t,3476823173,37.6583356,55.7414098,t,27
3249138872,37.5988147,55.6006485,��� ��������,t,2612900027,37.5984073,55.6005642,t,27
4909411063,37.7051076,55.7478317,��� ��������,t,653966980,37.7053954,55.7476436,t,27
9718286738,37.6477459,55.8260908,"��� '"���������� ��������� ����'"",t,938666293,37.6474574,55.8262761,t,27
1903646830,37.6853115,55.7717629,��� ��������,t,2620877505,37.6856381,55.7715994,t,27
4527751490,37.6099465,55.6234532,���� ��� (���),t,1613186404,37.6095857,55.6233082,t,27
1286587352,37.642057,55.817258,"��� '"�������������'"",t,979329607,37.6423905,55.8170979,t,27
9221097495,37.6037383,55.8222151,"���� '"����'" (��)",t,622584701,37.6036504,55.8219706,t,27
4438972103,37.7329154,55.7024531,"��� '"���������� ��������� ����'"",t,4438966696,37.7328971,55.7022055,t,27
9718286648,37.5110203,55.7759621,"��� '"���������� ��������� ����'"",t,2756754330,37.5105901,55.7759454,t,27
9221096941,37.428739,55.741188,"���� '"����'" (��)",t,305137298,37.4283502,55.741307,t,27
6646365237,37.5856058,55.7624721,��� ��������,t,2696132342,37.5852616,55.762636,t,28
9379350935,37.6664343,55.6263975,��� ��������,t,945102190,37.666159,55.6266012,t,28
6357343214,37.751854,55.7576393,���� ��� (���),t,10929975435,37.7514596,55.7577608,t,28
6503797886,37.7196621,55.6096924,"�� '"�����-����'"",t,765968879,37.7192998,55.6098517,t,28
4697743561,37.6513331,55.8772195,��� ��������,t,530980088,37.6510198,55.8770279,t,28
6306728637,37.6602318,55.7859917,��� ��������,t,2287681287,37.6599907,55.7857767,t,28
6429641934,37.6372484,55.7634581,"�� '"����� ����'"",t,2511163265,37.637099,55.7632206,t,28
5702925535,37.6836408,55.7465735,��� ��������,t,5909715676,37.6838701,55.7463576,t,28
4420922468,37.6572235,55.8864393,���� ��� (���),t,1509541065,37.6569635,55.8866502,t,28
8507803831,37.5523524,55.8919112,"��� '"�������������'"",t,4908359754,37.5526707,55.8920971,t,28
4318697443,37.8195618,55.7509269,��� ��������,t,601151350,37.8191368,55.7510109,t,28
9718286494,37.7751052,55.7569798,"��� '"���������� ��������� ����'"",t,11135203530,37.7748912,55.7567585,t,28
8757802471,37.6572342,55.7589449,���� ��� (��),t,11981418193,37.6575912,55.7587855,t,28
4315677892,37.6350182,55.7441502,�� ��������� ����,t,2880662667,37.6349512,55.7444067,t,28
7082257368,37.7745936,55.7207355,"�� '"��������������'"",t,308477792,37.7750379,55.7207952,t,28
4870352361,37.6603853,55.8861627,��� ��������,t,4895858853,37.6606557,55.8863683,t,28
9033006900,37.5741993,55.8081134,��� ��������,t,2117389133,37.5743658,55.8083522,t,28
4408185294,37.5995035,55.7961623,"�� '"��������������'"",t,197208731,37.599452,55.7959091,t,28
4717871885,37.5464426,55.6796832,���� ��� (���),t,6378180939,37.5467518,55.6798675,t,28
8758277943,37.6587829,55.7413488,�� ������,t,3476823173,37.6583356,55.7414098,t,28
4716997992,37.6624794,55.8867284,"��� '"���������� ��������� ����'"",t,1739797590,37.6623543,55.8864851,t,28
408385048,37.7015317,55.7596986,��� ��������,t,1107533819,37.7019884,55.7597329,t,28
1951643940,37.657375,55.7409654,"�� '"�����-����'"",t,60775948,37.6576981,55.741151,t,28
4027401020,37.5877124,55.7944115,���� ��� (���),t,2959348306,37.5876305,55.7946655,t,28
4035589936,37.7220389,55.6122337,���� ��� (���),t,1113558384,37.7224612,55.6121543,t,28
1885193738,37.7080389,55.7891802,"'"���-����'" (���)",t,253389150,37.7084356,55.7893002,t,28
2627628693,37.4191178,55.8049954,"��� '"���� �������'"",t,5130278320,37.4187868,55.8048181,t,28
678295632,37.6187965,55.660727,"�� '"��������������'"",t,2859760719,37.618485,55.6605457,t,28
2280266048,37.5580134,55.7452102,����������,t,1787789584,37.5578279,55.7454463,t,28
1611748611,37.6255881,55.7407136,��� ��������,t,4139545401,37.6259452,55.7405596,t,28
1529308055,37.5719745,55.6556552,��� ��������,t,12078343408,37.5721927,55.6558822,t,28
2134694753,37.620651,55.7704313,����������,t,2425135572,37.6210678,55.7703193,t,28
1095382764,37.4930421,55.7940742,"�� '"�����-����'"",t,4398583897,37.4929351,55.7938222,t,28
1751373247,37.6324631,55.7308633,��� ��������,t,6521039760,37.6320824,55.7310099,t,28
2447156903,37.5914999,55.8986257,"�� '"�����-����'"",t,214789590,37.5911612,55.8984501,t,28
2611760888,37.6627141,55.7342793,��� ���� ���,t,1777182098,37.6628667,55.7345189,t,28
1000785708,37.6479213,55.7683056,���� ��� (���),t,272786481,37.6483816,55.7683046,t,28
4027401021,37.5876876,55.7944107,��� ��������,t,2959348306,37.5876305,55.7946655,t,28
4294686299,37.7113923,55.8717737,��� ��������,t,309443535,37.7118599,55.8717938,t,29
2432112617,37.4643433,55.855091,����������,t,267252350,37.4644662,55.8553448,t,29
6984468091,37.550853,55.6837497,��� ��������,t,9734636770,37.5506664,55.6835078,t,29
7082257367,37.7745842,55.7207234,"�� '"��������������'"",t,308477792,37.7750379,55.7207952,t,29
8758277937,37.6585208,55.7411277,"��� '"���� �������'"",t,3476803055,37.6589789,55.7410919,t,29
8758277940,37.6588116,55.7413937,"�� �� '"����������'"",t,3476823173,37.6583356,55.7414098,t,29
7640415432,37.6625732,55.6825053,��� ��������,t,939126883,37.6629349,55.6823407,t,29
5435796627,37.7026536,55.8109945,"��� '"���������� ��������� ����'"",t,4944438699,37.7027435,55.8112515,t,29
1744047883,37.6546743,55.7231486,��� ��������,t,705472959,37.655136,55.7232066,t,29
11288672950,37.6622207,55.7539697,"��� '"���� '"�����-���������'"",t,470248662,37.6626349,55.754098,t,29
5525203626,37.6478862,55.6542822,���� ��� (���),t,3037270233,37.648288,55.6541382,t,29
2627597739,37.5372734,55.8897239,"��� '"���� �������'"",t,957120712,37.5369344,55.8895379,t,29
5540586822,37.7293407,55.6102395,��� ��������,t,7118337816,37.7288688,55.6102596,t,29
4027401022,37.5877383,55.7944115,��� ��������,t,2959348306,37.5876305,55.7946655,t,29
4551174889,37.7447501,55.6493807,"��� '"�������������'"",t,582164237,37.7450404,55.649585,t,29
4207577782,37.663403,55.6841807,"��� ���� '"�� ��������'"",t,661165596,37.6637001,55.6839709,t,29
6633733370,37.6605826,55.8866315,"�� '"��������������'"",t,712674483,37.6608611,55.8868472,t,29
3071819224,37.7516877,55.6604306,��� ��������,t,2625554250,37.751673,55.6606944,t,29
4909261742,37.715401,55.75417,"�� '"��������������'"",t,250723986,37.7157791,55.754006,t,29
4730757809,37.6653649,55.8735756,��� ��������,t,736674342,37.6657253,55.8734075,t,29
618112491,37.7318701,55.6476855,����������,t,617981024,37.7315321,55.6478632,t,29
6634144353,37.6412372,55.870778,�� ������,t,5941492294,37.6412755,55.8705173,t,29
6777080750,37.510538,55.677906,"��� '"�������������'"",t,3691335290,37.5105686,55.6781698,t,29
4527751489,37.6099748,55.6234505,��� ��������,t,1613186404,37.6095857,55.6233082,t,29
12247899616,37.5804707,55.7462061,���� ��� (��),t,3732716792,37.5806223,55.7459589,t,29
4690945932,37.4493778,55.72811,"�� '"��������������'"",t,529257971,37.4495221,55.7283576,t,29
6777080774,37.4791959,55.7050766,"��� '"�������������'"",t,6133643337,37.4794106,55.704841,t,29
4960497813,37.521163,55.8048763,"�� '"��������������'"",t,4929462105,37.5212934,55.8051295,t,29
2979638464,37.6219808,55.7090539,��� ��������,t,1456538564,37.6215562,55.7091709,t,29
6777031371,37.661498,55.870506,"��� '"�������������'"",t,1096955221,37.6610351,55.8704849,t,29
2612128380,37.52046,55.6355283,"��� '"���� �������'"",t,11217266596,37.5199883,55.6355583,t,29
9233445190,37.7515689,55.6753328,�� ������,t,4847245124,37.7511868,55.6751742,t,29
9251425041,37.6299003,55.6790772,���� ��� (���),t,3992206863,37.6299901,55.6788184,t,29
4560019783,37.6558753,55.6670948,"��� ���� '"�� ��������'"",t,252175240,37.6559541,55.6673557,t,29
1286587356,37.738402,55.720657,"��� '"�������������'"",t,9124989647,37.7385906,55.7209104,t,30
1870260491,37.693889,55.8809713,�� ��������� ����,t,1439225813,37.69345,55.8810798,t,30
8412899969,37.6339084,55.6288871,"�� '"�����-����'"",t,3145612044,37.6339235,55.629161,t,30
4574490292,37.6623651,55.692812,��� ��������,t,5327129849,37.662508,55.6925538,t,30
1619081354,37.4354146,55.8416962,����������,t,2503894282,37.4350133,55.8415418,t,30
941731758,37.4155067,55.7410293,"��� '"�������������'"",t,303901364,37.4151437,55.7408486,t,30
3194244152,37.7162148,55.8156896,"�� '"�����-����'"",t,4078501602,37.7164056,55.8154346,t,30
10697371893,37.6357484,55.7207944,"��� ��� �������� '"�����������'"",t,2497041446,37.6352849,55.7208772,t,30
4931308421,37.6336499,55.779662,��� ��������,t,10219526521,37.6335902,55.7793928,t,30
918690001,37.5884418,55.8993022,"��� '"����������'"",t,1038688977,37.5879524,55.8992659,t,30
5218798143,37.6022424,55.737161,�� ��������� ����,t,272765051,37.6021267,55.736893,t,30
5170950022,37.6321088,55.7805211,�� ������,t,93377724,37.6318304,55.7807445,t,30
9221096785,37.6528223,55.7388143,"���� '"����'" (��)",t,3478361649,37.6532229,55.738667,t,30
2953468322,37.6206525,55.7715984,���� ��� (���),t,1907467829,37.6210579,55.7714532,t,30
1204691868,37.5212397,55.7041413,��� ��������,t,2338041195,37.5213053,55.7044084,t,30
9221096825,37.596633,55.715053,"���� '"����'" (��)",t,6949129528,37.5964862,55.7153147,t,30
996053915,37.535094,55.743251,���� ��� (���),t,2185779706,37.5355742,55.7432889,t,30
634805752,37.6556026,55.8377665,"��� '"���-����'"",t,546872786,37.6558764,55.8375353,t,30
2626653667,37.4153339,55.7411019,"��� '"���� �������'"",t,303901364,37.4151437,55.7408486,t,30
6777084691,37.6210873,55.7122009,"��� '"�������������'"",t,333733870,37.6215527,55.7121351,t,30
6398564171,37.398978,55.8052486,"�� '"��������������'"",t,441899151,37.3985098,55.8051894,t,30
2321688535,37.5975165,55.8272223,��� ��������,t,1323899243,37.597301,55.8269794,t,30
6574700111,37.5889576,55.8058942,����������,t,2959350252,37.5885033,55.8059934,t,30
7545652060,37.6586318,55.7559021,���� ��� (���),t,5931557400,37.6588984,55.7561336,t,30
2119440249,37.6208576,55.640212,���� ��� (��),t,658339240,37.6206168,55.6399736,t,30
7640415431,37.6625249,55.6824857,�� ������,t,939126883,37.6629349,55.6823407,t,30
6635636774,37.6793021,55.8697882,��� ��������,t,1437195487,37.6797882,55.8698064,t,30
6635636775,37.6793021,55.869801,�� ������,t,1437195487,37.6797882,55.8698064,t,30
6777059082,37.6604502,55.7090528,"��� '"�������������'"",t,2946337642,37.6599767,55.7091237,t,30
6777031408,37.6817724,55.6413693,"��� '"�������������'"",t,5020999374,37.6814251,55.6411733,t,30
6777070194,37.4716536,55.776671,"��� '"�������������'"",t,1964710829,37.4712076,55.7765547,t,30
700872444,37.7094879,55.6244986,��� ��������,t,4284983294,37.709852,55.6243134,t,30
7826963969,37.7540519,55.8227333,��� ��������,t,1993302327,37.7537143,55.8229276,t,30
2611760898,37.631941,55.812237,��� ���� ���,t,2435885604,37.6315735,55.8124173,t,30
12247899613,37.6419912,55.7687516,���� ��� (��),t,5408431324,37.6424708,55.7687651,t,30
5719859527,37.6481433,55.6536892,���� ��� (���),t,3102245735,37.6483488,55.6534452,t,30
6777031378,37.6207924,55.7095396,"��� '"�������������'"",t,1303872499,37.6203046,55.7095712,t,30
11181695310,37.4812653,55.8774443,���� ��� (���),t,6151852346,37.4807797,55.877409,t,30
6680114934,37.6849754,55.7344203,��� ��������,t,8282097557,37.6847981,55.7346812,t,31
11841159841,37.6636841,55.772823,��� ��������,t,10559424487,37.6637818,55.7731,t,31
2555299245,37.5463572,55.7463363,"�� '"���� ���������'"",t,11585225617,37.5465066,55.7466064,t,31
4537516554,37.7982229,55.8076694,���� ��� (���),t,570163130,37.7987115,55.8076106,t,31
6944280773,37.6604525,55.8866302,��� ��������,t,4895858853,37.6606557,55.8863683,t,31
1286587368,37.7334823,55.814135,"��� '"�������������'"",t,6153596275,37.733267,55.8138837,t,31
5022331923,37.4113235,55.8501153,"�� '"��������������'"",t,1421100360,37.4111619,55.8503788,t,31
6956796850,37.5266031,55.6442304,��� ��������,t,2445661763,37.5261617,55.6443609,t,31
4144794768,37.6150373,55.7389396,��� ��������,t,4144794771,37.6145412,55.7389869,t,31
4693451389,37.4769167,55.8555853,��� ��������,t,602009846,37.4766596,55.8558234,t,31
6777070309,37.6345252,55.7534711,"��� '"�������������'"",t,969292214,37.6349713,55.753336,t,31
9494695518,37.4602404,55.8093986,"�� '"�����-����'"",t,538159603,37.4598991,55.8091859,t,31
2615442256,37.6062689,55.6140884,��� ��������,t,1913207550,37.6057657,55.6140827,t,31
4199200424,37.5095511,55.6450014,����������,t,3451131166,37.5098209,55.6452426,t,31
4703535204,37.6576908,55.8872056,"��� '"���-����'"",t,9679881843,37.6580496,55.8874023,t,31
1233308052,37.6014547,55.7519324,��� �������,t,613367948,37.6013182,55.7516561,t,31
4904558526,37.6092361,55.7424957,"��� ���� '"�� ��������'"",t,2973091697,37.6091652,55.7427803,t,31
5034498542,37.6255882,55.6972093,��� ��������,t,5048342328,37.6260953,55.6972207,t,31
6634144351,37.653339,55.8549859,���� ��� (���),t,12164423041,37.6538358,55.8550427,t,31
9610759341,37.53385,55.6931915,��� ��������,t,944325959,37.5339366,55.6929151,t,31
4889619935,37.585457,55.7725431,"�� '"��������� ������'" (���)",t,1306492229,37.5849928,55.7724264,t,31
1272543254,37.582314,55.7773666,���� ��� (���),t,5047564835,37.5824742,55.7771019,t,31
4519265389,37.7109576,55.7497047,��� ��������,t,306558381,37.7109077,55.7499852,t,31
4114907679,37.5857503,55.7092377,"�� '"��������������'"",t,282419867,37.5853827,55.7094322,t,31
4262574823,37.5360298,55.7327672,��� ��������,t,338171809,37.5364258,55.7326004,t,31
2627597734,37.645279,55.7276561,"��� '"���� �������'"",t,8238451582,37.6448724,55.7278199,t,31
3768556411,37.6742518,55.7385399,��� ��������,t,10875296066,37.6740879,55.7382699,t,31
4364555975,37.4846689,55.6638657,"��� '"�������������'"",t,2432269117,37.4845463,55.6641362,t,31
8252412485,37.7404204,55.704097,"��� '"���-����'"",t,5356800500,37.7401083,55.7038718,t,31
8477026987,37.6651439,55.7162178,��� ��������,t,5292102900,37.6655378,55.7160453,t,31
5382891227,37.5115527,55.6362576,��� ��������,t,1035381477,37.5118842,55.6360512,t,31
4318697446,37.8204827,55.7524171,"��� ���� '"�� ��������'"",t,946558763,37.8200483,55.7525607,t,31
8810943067,37.619057,55.7625472,���� ��� (��),t,4834915081,37.6188154,55.762791,t,31
3700986285,37.797628,55.8176349,"�� '"��������������'"",t,2160795178,37.7971338,55.8176645,t,31
2181319243,37.6534399,55.6368438,"�� '"��������������'"",t,1141358291,37.6529799,55.6367257,t,31
1653071981,37.4850571,55.8389551,��� ��������,t,1284975196,37.4851464,55.8386795,t,31
11617079709,37.5894199,55.8226578,"�� '"��������������'"",t,684377670,37.5890298,55.8228316,t,31
5226130695,37.6208096,55.7078396,"�� '"������ ������ ���� (������)'"",t,2969136527,37.6208573,55.7081215,t,31
6153225178,37.4354571,55.862086,�� ������,t,1174036068,37.4358337,55.862275,t,31
6967025610,37.7427415,55.6054632,"�� '"����� ����'"",t,5738640409,37.7430958,55.6056601,t,31
2626849743,37.6029925,55.6119903,"��� '"���� �������'"",t,2472623496,37.6029394,55.6122723,t,31
1611748605,37.6362322,55.7313752,��� ��������,t,1187138837,37.6362491,55.7310862,t,32
5186059820,37.8130491,55.7932674,��� ��������,t,5101642309,37.8125922,55.7934101,t,32
9326552063,37.7473354,55.8029097,�� ������,t,8790181018,37.7477433,55.8027334,t,32
12249069355,37.6215917,55.7005221,���� ��� (��),t,1579853251,37.6216896,55.7008112,t,32
7682430811,37.6381369,55.8706873,"��� '"���������� ��������� ����'"",t,60572990,37.6383872,55.870938,t,32
4682436791,37.6565287,55.6376964,����������,t,5223262392,37.6569907,55.6378291,t,32
2016386878,37.7572203,55.7472059,"��� '"���������� ��������� ����'"",t,179533092,37.7572062,55.7475002,t,32
5089140022,37.6227249,55.728964,���� ��� (���),t,11813596697,37.6224,55.7291878,t,32
8006902331,37.545519,55.774412,��� ���� �����,t,408787113,37.5451764,55.7746294,t,32
6216728896,37.7360581,55.6039434,��� ��������,t,3829459355,37.7357748,55.6041855,t,32
5130480322,37.6083668,55.7945742,��� ��������,t,2633464864,37.6086555,55.794821,t,32
1722830585,37.4377458,55.8393751,��� ��������,t,1722830588,37.4380194,55.839127,t,32
5426372721,37.6237133,55.7100874,�� ������,t,10846730629,37.6236073,55.7097996,t,32
7682430808,37.6434852,55.8709567,��� ��������,t,1658275922,37.6432401,55.8707034,t,32
2108747232,37.6036403,55.7527263,��� ��������,t,2606788873,37.6040929,55.7528658,t,32
5387438122,37.5245175,55.643579,"��� '"���������� ��������� ����'"",t,3285668859,37.5241852,55.6437978,t,32
1507817306,37.5904281,55.897756,����������,t,255183318,37.5904994,55.8980471,t,32
5601187521,37.5183111,55.6324809,��� ��������,t,1035379733,37.5178859,55.6326414,t,32
1286587351,37.7415535,55.6660067,"��� '"�������������'"",t,3375642496,37.7419882,55.6658545,t,32
9221097477,37.5971283,55.7171585,"���� '"����'" (��)",t,2814372305,37.5971679,55.7174504,t,32
4933319851,37.6257923,55.6957258,��� ��������,t,209916130,37.6263068,55.6956722,t,32
4960088739,37.5090573,55.7024924,"�� '"��������������'"",t,480758094,37.5086423,55.7023152,t,32
5267440622,37.5555892,55.8011937,��� ��������,t,1171712135,37.5555741,55.8014873,t,32
1201461579,37.6015624,55.8843019,��� ��������,t,1219592011,37.6011321,55.8844718,t,32
5694380126,37.7189937,55.6198986,��� ��������,t,10718888547,37.7184945,55.6198119,t,32
2611760901,37.6805404,55.8500446,��� ���� ���,t,1441967404,37.6801108,55.8498795,t,32
630992218,37.6485093,55.7743922,"�� '"�����-����'"",t,8515930500,37.6486632,55.7746692,t,32
751993285,37.3969645,55.830575,���� ��� (���),t,1003783106,37.397099,55.830297,t,32
912959835,37.5894223,55.7337098,"�� '"��������������'"",t,912959821,37.5892183,55.7339821,t,32
11822889767,37.6448631,55.7481703,"��� '"�������������'"",t,9603558840,37.6447186,55.7478892,t,32
10119667789,37.8103202,55.8168184,�� ������,t,704656670,37.8107403,55.8166517,t,32
938070104,37.5860301,55.7774878,���� ��� (���),t,1123091097,37.5855574,55.7773604,t,32
3646541597,37.5811389,55.7258172,��� ��������,t,3203420998,37.5810929,55.7255224,t,32
9718286951,37.7447507,55.6723452,"��� '"���������� ��������� ����'"",t,4623921655,37.7442809,55.6722236,t,32
4558862297,37.7417641,55.6579248,���� ��� (���),t,601376393,37.7412733,55.6578239,t,32
3834400133,37.4171868,55.7193223,���� ��� (���),t,9624235394,37.4172759,55.7196074,t,32
4144794763,37.6150417,55.7389214,��� ��������,t,4144794771,37.6145412,55.7389869,t,32
11617079712,37.5894696,55.8226721,"�� '"�����-����'"",t,684377670,37.5890298,55.8228316,t,32
8080451857,37.6058865,55.613505,��� ��������,t,4041951986,37.605715,55.613224,t,33
9365408179,37.6680393,55.6222301,"�� '"�����-����'"",t,4318081659,37.6675241,55.6221634,t,33
3703739044,37.5326857,55.8756448,"�� '"��������������'"",t,1578429951,37.5327363,55.8759408,t,33
5538199618,37.661562,55.8704721,��� ��������,t,1096955221,37.6610351,55.8704849,t,33
5533146721,37.4805895,55.6699182,��� ��������,t,316518164,37.4806205,55.6696148,t,33
4366482901,37.6283913,55.7596661,��� ��������,t,45138175,37.6288346,55.7598288,t,33
9396692410,37.7417439,55.6579566,�� ������,t,601376393,37.7412733,55.6578239,t,33
8486840004,37.7239373,55.7736666,���� ��� (���),t,7702598054,37.7235832,55.7738915,t,33
8629907689,37.6601489,55.7860645,���� ��� (���),t,2287681287,37.6599907,55.7857767,t,33
2627597736,37.820486,55.7523899,"��� '"���� �������'"",t,946558763,37.8200483,55.7525607,t,33
5341569687,37.5888892,55.7740032,"�� '"��������������'"",t,3423365515,37.5883628,55.7740457,t,33
5226857790,37.5572213,55.7300282,"�� '"����� ����'"",t,5217351237,37.5576857,55.7298832,t,33
5582720126,37.7415481,55.7583013,��� ��������,t,1274200445,37.7419845,55.7581294,t,33
10267864011,37.6588627,55.7414582,���� ��� (��),t,3476823173,37.6583356,55.7414098,t,33
9718286915,37.6350591,55.7908652,"��� '"���������� ��������� ����'"",t,7948859753,37.634595,55.7910122,t,33
3507397025,37.8292743,55.7671522,"�� '"�����-����'"",t,480019287,37.8290115,55.7668943,t,33
2656349128,37.531352,55.6408803,"�� '"��������������'"",t,4713604691,37.5314016,55.6411783,t,33
9221096763,37.6138731,55.7348855,"���� '"����'" (��)",t,5372366636,37.6143542,55.7350155,t,33
9221096837,37.58103,55.889181,"���� '"����'" (��)",t,1389963591,37.5806088,55.8893704,t,33
1296939896,37.650917,55.7402825,����������,t,3476765229,37.6504015,55.740357,t,33
1229461506,37.5452517,55.7494664,"��� '"��������'" (���)",t,1378047023,37.5457654,55.7493795,t,33
9996849885,37.6383542,55.8879671,"��� '"�������������'"",t,9276085188,37.6378995,55.8881198,t,33
1286587186,37.789085,55.806551,"��� '"�������������'"",t,1192496251,37.7885804,55.8066591,t,33
938253604,37.6583191,55.7586321,���� ��� (���),t,11981418192,37.6578676,55.7587892,t,33
5296129137,37.6207535,55.6532323,���� ��� (���),t,581903856,37.6212382,55.6531056,t,33
4736660060,37.6573288,55.7542381,��� ��������,t,4736659941,37.6578436,55.7543058,t,33
8026218185,37.6466358,55.8224467,�� ������,t,1488625802,37.6463076,55.8226861,t,33
4728957727,37.6688535,55.7450954,��� ��������,t,3239600929,37.6690002,55.7453814,t,33
6769113596,37.417733,55.741294,"��� '"�������������'"",t,4450706115,37.417206,55.741248,t,33
6777031352,37.637811,55.8702846,"��� '"�������������'"",t,9391542782,37.6372811,55.8703185,t,33
6777031373,37.6618731,55.8704276,"��� '"�������������'"",t,5959744701,37.6623282,55.870275,t,33
6777061125,37.5313174,55.6408843,"��� '"�������������'"",t,4713604691,37.5314016,55.6411783,t,33
6777061155,37.4936342,55.7940771,"��� '"�������������'"",t,251299133,37.49373,55.793785,t,33
2611708769,37.6091493,55.6138497,��� ���� ���,t,11447386063,37.6095308,55.6136412,t,33
6777070327,37.744947,55.651227,"��� '"�������������'"",t,247930802,37.744923,55.6509222,t,33
6777082624,37.7844017,55.7180614,"��� '"�������������'"",t,3054886048,37.7849121,55.7181367,t,33
717340926,37.8236327,55.8225852,"�� '"�����-����'"",t,473428586,37.8239623,55.8228267,t,33
7086856379,37.606041,55.7923826,���� ��� (���),t,11423171168,37.605937,55.7920852,t,33
2626629798,37.6245333,55.7579755,"��� '"���� �������'"",t,983732143,37.624988,55.7581358,t,33
11197689058,37.7191666,55.8062461,�� ������,t,5017085994,37.7187709,55.8060376,t,33
2017583578,37.7490643,55.7918975,���� ��� (���),t,1324648606,37.7494819,55.791704,t,33
5719859526,37.6480135,55.6536788,��� ��������,t,3102245735,37.6483488,55.6534452,t,33
9510617338,37.5085657,55.6244236,��� ��������,t,99997407,37.5089788,55.6246194,t,33
2017583575,37.7474405,55.7906659,���� ��� (��),t,2006644458,37.7476924,55.7909324,t,33
7762570402,37.5117049,55.8516986,��� ��������,t,614104230,37.51151,55.8514199,t,33
7931930179,37.6453936,55.730513,"�� '"�����-����'"",t,1119714822,37.6451542,55.7307816,t,33
4318697441,37.8207563,55.7509013,"�� '"�����-����'"",t,3481502690,37.8204358,55.7506577,t,33
9996849884,37.6383689,55.8879645,��� ��������,t,9276085188,37.6378995,55.8881198,t,34
2611760895,37.4897654,55.7959174,��� ���� ���,t,1097987742,37.490285,55.7960117,t,34
6777019579,37.5544023,55.8973935,"��� '"�������������'"",t,1872474025,37.5546895,55.8976539,t,34
6777031375,37.620856,55.709548,"��� '"�������������'"",t,1303872499,37.6203046,55.7095712,t,34
5027243524,37.4408178,55.7387621,����������,t,4604162591,37.4413513,55.738692,t,34
9828857417,37.567365,55.788388,�� ������,t,10274209669,37.5676844,55.7886381,t,34
6777061147,37.417722,55.741147,"��� '"�������������'"",t,244034087,37.4173263,55.7409376,t,34
1274623215,37.5437371,55.6876972,�� ��������� ����,t,1314765628,37.5437958,55.6880014,t,34
9221097343,37.8105189,55.7437078,"���� '"����'" (��)",t,3903984442,37.8106445,55.7434039,t,34
6776897993,37.631565,55.7898747,���� ��� (��),t,8391990790,37.631625,55.7901853,t,34
7931930178,37.6454116,55.7305091,��� ��������,t,1119714822,37.6451542,55.7307816,t,34
8507803830,37.5522403,55.8919085,��� ��������,t,4908359754,37.5526707,55.8920971,t,34
3672326247,37.8154926,55.7932658,"�� '"�����-����'"",t,601604113,37.8155521,55.7935721,t,34
11477279180,37.6045007,55.8138453,��� ��������,t,12157275843,37.6039629,55.8138951,t,34
1734117142,37.4806256,55.6699235,���� ��� (���),t,316518164,37.4806205,55.6696148,t,34
11617079711,37.5895178,55.8226894,��� ��������,t,684377670,37.5890298,55.8228316,t,34
5341356351,37.5050191,55.7995005,��� ��������,t,997959680,37.5044957,55.7995895,t,34
6207683287,37.4029632,55.8029706,��� ��������,t,611834244,37.4030832,55.8026695,t,34
4250621605,37.7412557,55.6510664,��� ��������,t,2730688203,37.7409912,55.6507944,t,34
6777070207,37.5128334,55.8089484,"��� '"�������������'"",t,5217099764,37.5129412,55.8086463,t,34
2627783590,37.4381185,55.8515464,"��� '"���� �������'"",t,3824289505,37.4379742,55.8512496,t,34
9046328284,37.6587944,55.7400105,����������,t,7995285764,37.6593155,55.7399025,t,34
6262657451,37.7501292,55.6731231,��� ��������,t,10692700003,37.7506247,55.6729948,t,34
4080209289,37.6355362,55.8050481,����������,t,528965933,37.6359935,55.8048718,t,34
3980376856,37.7015165,55.8764319,"��� '"���������� ��������� ����'"",t,1086059997,37.7011832,55.8766801,t,34
1494166617,37.7611606,55.6563326,��� ��������,t,291707945,37.7616925,55.6562617,t,34
2656349124,37.5313914,55.6408704,���� ��� (���),t,4713604691,37.5314016,55.6411783,t,34
5248724851,37.5436463,55.8004585,��� ��������,t,4292763346,37.5431249,55.8003535,t,34
3072553204,37.6889482,55.7022246,��� ��������,t,10814385242,37.6884281,55.7023326,t,34
5343774508,37.664259,55.7522145,���� ��� (���),t,4737154034,37.6637354,55.7521302,t,34
4573749743,37.8042603,55.7995096,��� ��������,t,1698417525,37.8037524,55.7996292,t,34
3541832209,37.6181849,55.8028179,"�� '"��������������'"",t,3736006596,37.6179299,55.8025426,t,34
4871521422,37.4976773,55.7757235,"�� '"����� ����'"",t,966977035,37.4979287,55.7754454,t,34
4771892327,37.6177818,55.7587349,��� ��������,t,4219298205,37.6182691,55.7588827,t,34
941731749,37.4156607,55.7411353,��� ��������,t,3003746369,37.4161877,55.7412102,t,34
11623725790,37.5802709,55.8284787,���� ��� (���),t,5920792006,37.5807084,55.828273,t,35
8154434484,37.535575,55.870658,��� ���� �����,t,2158144693,37.5350026,55.8706473,t,35
6046142494,37.4666812,55.7888636,����������,t,1234190752,37.4661667,55.7887396,t,35
4207884489,37.5153334,55.8056213,��� ��������,t,1381969231,37.5157163,55.8058583,t,35
8252410980,37.7420226,55.7006362,��� ��������,t,555943259,37.7423996,55.7008762,t,35
1286587254,37.751341,55.793368,"��� '"�������������'"",t,3114562685,37.7507803,55.7934219,t,35
3768556410,37.6602806,55.737557,��� ��������,t,6042611341,37.6597189,55.7375749,t,35
5478694486,37.5324757,55.8020839,�� ������,t,53845118,37.5330288,55.8020125,t,35
7182382749,37.7452817,55.7167739,��� ��������,t,305701302,37.7448191,55.7169515,t,35
2611760902,37.4382225,55.851581,��� ���� ���,t,9105235302,37.4385241,55.8513086,t,35
1082826589,37.6516816,55.5804861,��� ��������,t,7865988851,37.651118,55.5805102,t,35
8672487736,37.5098602,55.7938377,"�� '"��������������'"",t,8672487738,37.5103895,55.7937214,t,35
938070089,37.5929169,55.7756201,���� ��� (���),t,4310728783,37.5923497,55.7756106,t,35
5478694487,37.5324691,55.8020806,���� ��� (��),t,53845118,37.5330288,55.8020125,t,35
12161768699,37.5109792,55.626997,�� ������,t,1037956336,37.5113354,55.6272443,t,35
9221096729,37.5993633,55.7188906,"���� '"����'" (��)",t,312149454,37.5987968,55.718861,t,35
8091202799,37.7059266,55.7828469,��� ��������,t,253390535,37.7063057,55.7830782,t,35
5694380127,37.7353261,55.6258013,��� ��������,t,1529618819,37.735019,55.6255382,t,35
12000692198,37.5314343,55.6408588,�� ������,t,4713604691,37.5314016,55.6411783,t,35
4872597421,37.4976379,55.775722,���� ��� (���),t,966977035,37.4979287,55.7754454,t,35
9046328283,37.6587801,55.7399955,����������,t,7995285764,37.6593155,55.7399025,t,35
751993249,37.4365815,55.827041,"��� '"�������������'"",t,6259372835,37.4366491,55.8267245,t,35
11164804857,37.6256381,55.7602557,"�� '"�����-����'"",t,12309870418,37.6259095,55.7605319,t,35
3396803236,37.5753428,55.686691,���� ��� (���),t,421212683,37.5759046,55.6866712,t,35
11477263262,37.6043397,55.8136622,"�� '"�����-����'"",t,12157275843,37.6039629,55.8138951,t,35
3447562631,37.5987206,55.7414919,��� �������,t,10782497919,37.5988334,55.7418057,t,35
5394375149,37.6389067,55.729501,���� ��� (���),t,3422010703,37.6394339,55.7293963,t,35
6777070212,37.5129997,55.8092081,"��� '"�������������'"",t,931500639,37.5128417,55.8095171,t,35
11409835104,37.4035809,55.8110356,�� ������,t,571273700,37.4037655,55.8113381,t,35
6777070315,37.6475594,55.7694623,"��� '"�������������'"",t,5610265126,37.6473752,55.7691649,t,35
6340159804,37.5200102,55.8058503,�� ��������� ����,t,4929462102,37.5199453,55.8055331,t,35
614958544,37.6030007,55.6917042,��� ��������,t,480773629,37.6024446,55.6916007,t,36
9221096730,37.6019623,55.7166944,"���� '"����'" (��)",t,3369875354,37.6016207,55.7164262,t,36
1201461584,37.5854888,55.8866374,����������,t,11203174932,37.5849342,55.8865455,t,36
5071321855,37.5527362,55.7804408,"��� '"���-����'"",t,1217955763,37.5525148,55.7807474,t,36
5382888465,37.5085156,55.6195364,��� ��������,t,626600564,37.5080197,55.6197047,t,36
5130449524,37.6083837,55.7945283,��� �������,t,2633464864,37.6086555,55.794821,t,36
614980357,37.6030234,55.6916322,��� ��������,t,480773629,37.6024446,55.6916007,t,36
6364967723,37.6341691,55.8298325,���� ��� (���),t,8842482119,37.6335922,55.8298998,t,36
11617079713,37.5895675,55.8227068,�� ������,t,684377670,37.5890298,55.8228316,t,36
6777084613,37.585508,55.8526581,"��� '"�������������'"",t,12199699317,37.5853625,55.8523423,t,36
6793335323,37.6355928,55.7758006,���� ��� (���),t,2397695274,37.6359747,55.7755553,t,36
7126057125,37.380509,55.7899929,��� ��������,t,721419469,37.3805035,55.7896662,t,36
9221097487,37.7964931,55.7118645,"���� '"����'" (��)",t,5705977436,37.7959386,55.7119614,t,36
2112691667,37.5882596,55.7342076,"��� ���� '"�� ��������'"",t,2863378925,37.5888134,55.7343007,t,36
1952629418,37.6627208,55.8880007,���� ��� (���),t,411304912,37.6628798,55.8876891,t,36
6777023385,37.6344716,55.7534983,"��� '"�������������'"",t,969292214,37.6349713,55.753336,t,36
3806834364,37.5510346,55.746389,���� ��� (��),t,2668343816,37.5515986,55.74632,t,36
9221097194,37.7010427,55.7480064,"���� '"����'" (��)",t,331563434,37.7004692,55.74803,t,36
1235549083,37.65551,55.7375148,��� ��������,t,8776848551,37.655963,55.7373146,t,36
3043881936,37.5767497,55.7474083,"��� '"�������������'"",t,5300042683,37.5763985,55.7471471,t,36
1681997274,37.4368841,55.8613167,��� ��������,t,595347139,37.4371821,55.861601,t,36
6679888641,37.6651973,55.7329431,���� ��� (���),t,252845536,37.6647884,55.732714,t,36
9221096990,37.4620402,55.6987329,"���� '"����'" (��)",t,10959747166,37.4624576,55.6989594,t,36
444776911,37.4318385,55.8573112,"��� '"���������� ��������� ����'"",t,934866441,37.431842,55.8576348,t,36
4861374222,37.6122388,55.625849,"��� '"���������� ��������� ����'"",t,2883019417,37.6125431,55.6261279,t,36
3720509245,37.622965,55.7095339,���� ��� (���),t,418126547,37.6231117,55.7098541,t,36
2627628630,37.7577903,55.6539604,"��� '"���� �������'"",t,882327565,37.7582221,55.6537363,t,36
6071309998,37.7400803,55.6105093,��� ��������,t,450129127,37.7405035,55.6107308,t,36
2627628670,37.5766524,55.7260548,"��� '"���� �������'"",t,9915212752,37.5765345,55.725735,t,36
6438279129,37.7805604,55.7922576,��� ��������,t,5101642262,37.7809743,55.7924852,t,36
2611726627,37.5516017,55.6923541,��� ���� ���,t,620480236,37.5514294,55.6920437,t,36
1986978832,37.694858,55.8804737,"�� '"�����-����'"",t,981963798,37.6952595,55.8807264,t,37
2626849745,37.623896,55.710098,"��� '"���� �������'"",t,10846730629,37.6236073,55.7097996,t,37
679133230,37.5856709,55.7222665,���� ��� (���),t,2341734148,37.5851166,55.7221504,t,37
4844411022,37.5363409,55.6099714,����������,t,3111461675,37.5368287,55.6097823,t,37
7048869821,37.6434576,55.728756,��� ��������,t,1944101063,37.6429172,55.7286221,t,37
791443260,37.6611247,55.6816913,��� ��������,t,814623223,37.6607549,55.6814221,t,37
2627783585,37.6568995,55.7084531,"��� '"���� �������'"",t,1225983714,37.6570635,55.7087774,t,37
4466264595,37.6531179,55.8063105,��� ��������,t,9881034690,37.6537176,55.8063335,t,37
6047084287,37.7478999,55.6616337,���� ��� (���),t,318892122,37.748494,55.6616077,t,37
11718405531,37.7225286,55.6081842,��� ��������,t,3986680518,37.7219521,55.6082738,t,37
2627741509,37.7199867,55.6095532,"��� '"���� �������'"",t,2219645768,37.7200756,55.6092205,t,37
1286587353,37.8003236,55.7109988,"��� '"�������������'"",t,10712619844,37.8002346,55.7113342,t,37
9221096940,37.658239,55.649875,"���� '"����'" (��)",t,479745138,37.6581248,55.650209,t,37
2808972049,37.6298695,55.7598241,��� ��������,t,4997150454,37.6302646,55.7595727,t,37
9221096923,37.3909124,55.8137908,"���� '"����'" (��)",t,5348835262,37.3905083,55.8140372,t,37
3558465029,37.5460054,55.795014,�� ��������� ����,t,4138853632,37.5462854,55.7947166,t,37
6777023387,37.6474777,55.7694986,"��� '"�������������'"",t,5610265016,37.6471285,55.769226,t,37
4693451289,37.4764712,55.8555045,��� ��������,t,602009846,37.4766596,55.8558234,t,37
1202220890,37.5153868,55.8055744,��� �������,t,1381969231,37.5157163,55.8058583,t,37
6645887671,37.5854656,55.762316,���� ��� (���),t,2696132342,37.5852616,55.762636,t,37
4120902789,37.5834686,55.7686597,����������,t,4076392786,37.5829509,55.7688219,t,37
4102826189,37.4195327,55.7184125,����������,t,480433429,37.4191254,55.7181607,t,37
1286587222,37.741985,55.659529,"��� '"�������������'"",t,3071797691,37.742583,55.6595439,t,37
2612128375,37.5173748,55.6311386,"��� '"���� �������'"",t,1035379743,37.5167905,55.6312206,t,37
6681156485,37.6321554,55.7302544,"��� ���� '"�� ��������'"",t,6698116255,37.6321685,55.7299133,t,37
1396687183,37.4874339,55.7638185,��� ��������,t,1836570926,37.488011,55.7637371,t,37
9113816156,37.6189033,55.6553415,"�� '"��������������'"",t,638787164,37.6186151,55.6550505,t,37
3006586609,37.6319584,55.7134189,"�� '"��������������'"",t,7414874329,37.6325143,55.7135322,t,37
12000692199,37.5314722,55.6408452,��� ��������,t,4713604691,37.5314016,55.6411783,t,37
1374552908,37.4896138,55.8805277,��� ��������,t,997634442,37.4896082,55.8808652,t,37
8080478744,37.6659216,55.5787629,��� ��������,t,1780168608,37.6653235,55.5788167,t,38
1203193430,37.50147,55.742105,"�� '"�����-����'"",t,198273555,37.5013304,55.7424429,t,38
751993252,37.3970974,55.8306406,"��� '"�������������'"",t,1003783106,37.397099,55.830297,t,38
7074821819,37.4424628,55.8662957,��� ��������,t,250557164,37.4423096,55.8666347,t,38
6634144352,37.6531472,55.8550838,�� ������,t,12166473551,37.6525395,55.8551323,t,38
4998573630,37.5129569,55.7045828,��� ��������,t,9795255124,37.513341,55.7048555,t,38
9480875899,37.6825312,55.6411046,"��� '"���������� ��������� ����'"",t,5020999375,37.6820292,55.6409129,t,38
4303395892,37.6596778,55.6459852,��� ��������,t,252116395,37.6602298,55.6461363,t,38
1296939902,37.647953,55.7409074,����������,t,340336662,37.6484786,55.7407363,t,38
9221097238,37.7536373,55.6307372,"���� '"����'" (��)",t,618281237,37.7531909,55.6309735,t,38
11033189877,37.81907,55.8050643,��� ��������,t,4049977164,37.8186509,55.8048068,t,38
941731733,37.4155389,55.7413186,��� �������,t,663320212,37.4150772,55.7415438,t,38
12219008731,37.4992029,55.7431441,"�� '"��������������'"",t,11377575968,37.4993966,55.7428117,t,38
9318132160,37.5954027,55.7531507,��� ��������,t,3439286156,37.5948322,55.7532784,t,38
4960088743,37.5033122,55.7009736,���� ��� (���),t,6496704317,37.5027055,55.7010007,t,38
4809411208,37.538412,55.8897248,"�� '"�����-����'"",t,615670754,37.5387308,55.8894299,t,38
4558524492,37.6857937,55.6836947,��� ��������,t,253291181,37.6853296,55.6839151,t,38
9718286809,37.5493973,55.6830406,"��� '"���������� ��������� ����'"",t,9743140633,37.5488896,55.6828406,t,38
2564046956,37.7607471,55.6345822,��� ��������,t,2795154433,37.7601752,55.6344534,t,38
5250605458,37.5164827,55.8052062,"�� '"�����-����'"",t,304765677,37.5163068,55.8048759,t,38
3683874533,37.6574977,55.7061791,���� ��� (���),t,2947905221,37.6578869,55.7064486,t,38
9718286470,37.6828989,55.7154915,"��� '"���������� ��������� ����'"",t,248073671,37.682725,55.7151644,t,38
4701733243,37.6462201,55.6536331,���� ��� (��),t,1420349907,37.645677,55.6534732,t,38
2626849750,37.6203614,55.8130446,"��� '"���� �������'"",t,269224731,37.6198309,55.8128737,t,38
2626907992,37.5661577,55.7432694,"��� '"���� �������'"",t,9082010092,37.5657529,55.7435248,t,38
2100459507,37.8256062,55.7239037,��� ��������,t,5232309450,37.8250564,55.7237413,t,38
4604812938,37.606977,55.7474965,��� ��������,t,3225657391,37.606908,55.747152,t,38
9718286647,37.5228328,55.8864712,"��� '"���������� ��������� ����'"",t,6456334009,37.5225189,55.886169,t,38
4852619945,37.5926994,55.752906,���� ��� (���),t,4936258703,37.5925513,55.7532416,t,38
3212676152,37.5677925,55.7429764,��� ��������,t,2703815318,37.5684092,55.7429388,t,38
8818694934,37.6357111,55.7434581,���� ��� (��),t,5756068322,37.6356082,55.7437975,t,38
938253588,37.5322416,55.8010243,���� ��� (���),t,2005070276,37.5323399,55.800684,t,38
1976909718,37.4118842,55.7172015,��� ��������,t,6511958100,37.4124431,55.7173493,t,38
3716041760,37.576341,55.7529287,"�� '"��������������'"",t,3210780549,37.5767066,55.7526508,t,38
9263040699,37.8186887,55.7411919,��� ��������,t,2041961636,37.8181714,55.7413829,t,38
2611760905,37.6659864,55.8713392,��� ���� ���,t,729710715,37.6660137,55.8709956,t,38
982315284,37.722245,55.786306,���� ��� (���),t,10240176131,37.721945,55.7860092,t,38
1185150642,37.4819743,55.664149,"�� '"�����-����'"",t,613206735,37.4815341,55.6639035,t,38
4951556069,37.7764651,55.678947,"�� '"�����-����'"",t,4665560609,37.7767238,55.678638,t,38
